,分词,计数
8508,电影,450
8554,故事,418
624,说,216
47,剧情,200
483,导演,186
1638,没,177
4332,悬疑,175
5784,拍,166
3823,演技,164
8855,剧本,159
9257,演员,156
6047,感觉,141
5305,不错,140
8866,里,130
6003,反转,129
8932,逻辑,125
7324,恐怖,123
8631,角色,122
4213,人物,116
4583,镜头,103
9077,挺,103
8792,任素,102
2199,更,101
876,叙事,98
2500,恐怖片,96
1758,节奏,94
9181,想,94
1260,观众,93
2886,做,91
3052,.,91
4610,中,91
8473,梁朝伟,91
1194,表演,89
5452,汐,88
3552,网大,79
8182,神探,79
8684,分,79
5248,刘敏涛,78
5512,氛围,78
3936,这部,77
9289,戏,77
3390,完,76
204,王一博,75
331,一部,75
6962,讲,71
1732,感,70
7650,台词,69
8957,真相,68
9316,国产,68
4055,结尾,67
36,影片,65
4282,演,64
6167,罗生门,64
8461,一点,64
3324,纸人,63
5306,民俗,58
6284,程耳,58
7891,杀,58
6765,女性,57
8133,整体,57
5878,片子,56
1195,喜欢,55
762,复仇,54
4865,检察官,54
7864,元素,54
5747,回廊,53
3641,细节,52
8621,黄景,52
3673,差,51
4989,值得,51
5729,剪辑,51
7446,确实,51
8556,风格,51
3439,瑜,50
3794,编剧,50
8493,出,49
8623,周迅,48
9165,点,48
28,成,47
4704,画面,47
112,东野,46
7311,亭,46
8609,作品,46
217,结局,45
3143,中国,45
3917,动机,45
5867,片,45
7779,真,45
7909,地方,45
9060,警察,45
9258,题材,45
5166,人性,44
5173,刘青云,43
5454,改编,43
5967,不行,43
6075,两个,43
651,情节,42
3048,结构,42
3240,好看,42
7681,类型,42
442,尴尬,41
1610,只能,41
2651,无聊,41
7479,简单,41
1743,推理,40
3357,线,40
5380,故弄玄虚,40
5474,分钟,40
8542,实在,40
211,悬疑片,39
354,香港,39
3065,难看,39
4225,烂,39
5112,吾,39
907,电影院,38
1077,圭,38
4799,视角,38
737,韦家辉,37
1879,戏份,37
1892,猜,37
3334,港片,37
4556,鼓励,37
6360,爱情,37
6474,案件,37
6922,看过,37
7016,完整,37
7483,脸,37
8994,算,37
1410,适合,36
2072,莫名其妙,36
4979,质感,36
5490,时间,36
6264,原著,36
6341,女主,36
7838,式,36
7922,配乐,36
6266,凶手,35
8327,倒,35
459,一星,34
5916,精彩,34
7659,表达,34
8325,东西,34
8502,一种,34
1895,烂片,33
5619,杀人,33
7171,儿子,33
858,高,32
887,笑,32
2518,搞,32
3798,摄影,32
5137,前,32
5888,本片,32
6161,惊悚,32
1292,几个,31
1702,鬼,31
1897,一段,31
3078,明白,31
5800,光,31
8365,算是,31
1435,悬念,30
2588,那种,30
2662,怪物,30
3583,好好,30
3716,像是,30
6361,罗曼蒂克,30
7290,发现,30
7308,正,30
8337,国内,30
6513,设计,29
7265,爱,29
7917,犯罪,29
8244,全员,29
8356,可惜,29
2483,吓人,28
3620,特别,28
5680,不好,28
7822,文艺,28
9170,在线,28
9396,律师,28
1605,尸体,27
1621,语言,27
3663,bug,27
3721,回忆,27
4516,能力,27
5508,期待,27
6961,王千源,27
7801,理解,27
647,主角,26
1512,画像,26
4358,盗墓,26
5160,时代,26
6971,感情,26
8317,情绪,26
8610,麦兆辉,26
8751,空间,26
8757,小说,26
8917,气氛,26
505,行,25
957,带,25
1144,本来,25
2208,浪费,25
2930,写,25
3348,调度,25
3852,一场,25
4864,塑造,25
6884,不到,25
7090,没想到,25
8358,三星,25
9111,走,25
765,内容,24
1402,死,24
1773,展现,24
3494,懂,24
3533,场景,24
3600,到位,24
4176,电视剧,24
5754,无名,24
6549,铺垫,24
812,混乱,23
2715,视听,23
2774,强行,23
4544,中式,23
6242,蛮,23
6429,太多,23
6605,流量,23
6657,唯一,23
7030,希望,23
7761,营造,23
8383,那段,23
8435,小时,23
9040,真实,23
1285,杜宇,22
1748,年代,22
1789,吃,22
2077,生硬,22
2906,反派,22
3393,至少,22
5004,制作,22
5716,用心,22
7756,令人,22
7918,出戏,22
8256,这是,22
8343,场面,22
8738,推进,22
8761,「,22
9062,钱,22
9151,院线,22
62,包,21
583,表现,21
1940,前半段,21
2100,结束,21
2110,身份,21
2308,隐喻,21
2539,全片,21
2675,星,21
3341,质量,21
4012,完成度,21
4923,最终,21
6747,加,21
7911,喜剧,21
8583,特效,21
44,评价,20
1519,搞笑,20
1625,情感,20
2608,白百何,20
2900,老,20
3892,黑暗,20
4169,主旋律,20
4995,人心,20
5368,半,20
5394,孩子,20
5571,事件,20
5937,大战,20
6025,历史,20
7626,白,20
7968,审查,20
8675,点映,20
9328,水平,20
216,是因为,19
275,建议,19
576,时,19
1900,回魂,19
2628,选择,19
2699,深刻,19
6309,现实,19
6484,美,19
7997,饰演,19
8188,呈现,19
8590,预期,19
9249,感受,19
97,胡可,18
164,商业片,18
360,全靠,18
482,事,18
1534,导致,18
1676,意义,18
1994,更好,18
2215,四星,18
2529,为啥,18
3096,整部,18
3132,贝尔,18
3857,吸引,18
3859,开头,18
3923,手法,18
3937,俗套,18
4034,惊喜,18
5134,道,18
6193,消亡,18
6359,林,18
8265,水准,18
8416,好像,18
8664,也许,18
173,套路,17
361,史,17
866,鬼片,17
1150,证据,17
1304,影帝,17
1369,商业,17
2095,找,17
2331,疯狂,17
2737,设定,17
3952,能量,17
3993,剧作,17
4002,全是,17
4517,演戏,17
4778,破案,17
5499,讲述,17
5578,少,17
5813,网络,17
5814,10,17
6240,有人,17
6790,荧幕,17
6885,片名,17
6907,硬,17
7958,那场,17
8389,风云,17
8426,自然,17
8643,全程,17
9131,重复,17
372,气质,16
730,这片,16
1196,思路,16
1265,显得,16
1421,纸,16
2073,构图,16
2195,主题,16
2251,看不懂,16
2626,没什么,16
3264,智商,16
3278,主线,16
3773,更是,16
4430,印象,16
4689,遗产,16
4998,关系,16
5037,效果,16
5303,粉丝,16
5385,声音,16
6155,粗糙,16
6516,年,16
6529,名字,16
6667,努力,16
6719,两位,16
6893,重点,16
6931,之间,16
7714,每次,16
7959,开场,16
8214,叶彤,16
8238,演得,16
8639,音乐,16
9031,男人,16
9154,扫黑,16
244,宣传,15
481,听,15
574,魔,15
672,强,15
1390,~,15
1427,管家,15
2187,背后,15
2449,两星,15
2728,意外,15
3106,密室,15
4266,感X,15
4575,合格,15
4860,跑,15
4861,观感,15
5126,男主,15
5596,文本,15
5821,文艺片,15
6244,嫌疑人,15
6481,讲究,15
6925,审美,15
7252,讲故事,15
7594,日本,15
7908,抓,15
8025,玩,15
8857,奇怪,15
8893,本子,15
8906,疯批,15
9228,方式,15
70,推荐,14
285,刻意,14
872,过程,14
1053,发生,14
1218,打乱,14
1392,新,14
1828,所有人,14
2017,重男轻女,14
2411,及格,14
2532,版,14
2701,连环,14
3152,哭,14
3206,拖沓,14
3226,走向,14
3935,刻画,14
5035,味道,14
5321,第一个,14
5555,还行,14
6531,鬼怪,14
6746,内地,14
7167,放在,14
7209,看着,14
8127,男性,14
8216,后半段,14
8499,清晰,14
8525,告诉,14
8581,观影,14
8708,低,14
8725,五星,14
8784,逼,14
9221,打磨,14
9254,离谱,14
9382,肯定,14
149,藏,13
253,不想,13
522,大陆,13
847,经典,13
1239,价值,13
1240,三个,13
1334,世界,13
1657,爽,13
1752,师,13
1945,黑,13
2120,足够,13
2126,片中,13
2238,失望,13
2456,字幕,13
2748,永远,13
2756,角度,13
3858,接,13
3998,阿生,13
4109,整容,13
4247,超级,13
4477,发挥,13
4555,吹,13
4917,海报,13
5115,交代,13
5332,身上,13
5501,上海,13
5532,善恶,13
5666,出场,13
5701,档,13
5850,亲情,13
5969,内核,13
5986,几处,13
6057,丝毫,13
6164,模仿,13
6677,枪战,13
6739,升华,13
6757,傻子,13
6777,林音,13
7070,阴暗,13
7082,硬伤,13
7155,神,13
7437,女,13
7450,法庭,13
7656,心疼,13
8019,尝试,13
8055,剧透,13
8492,紧张,13
8550,优秀,13
8637,恶人,13
8690,处,13
8867,#,13
9239,刚,13
9301,符合,13
144,陈旧,12
147,打戏,12
201,总,12
288,女人,12
332,正义,12
485,精神,12
727,略显,12
818,很大,12
996,发展,12
1643,一句,12
1993,话剧,12
3001,面瘫,12
3281,前半部,12
3628,现场,12
3743,总体,12
3774,接受,12
3826,一颗,12
4341,平庸,12
4843,原作,12
4859,段落,12
5096,影子,12
5314,延续,12
5511,背景,12
5523,拍摄,12
5589,表面,12
5625,一丝,12
5901,大过年,12
5964,香港电影,12
6012,冲着,12
6102,癫狂,12
6223,可怕,12
6278,非线性,12
6659,服化,12
6992,对手戏,12
7142,银幕,12
7156,高家,12
7459,萱,12
7595,够,12
7899,不算,12
7967,调色,12
8099,干嘛,12
8183,音效,12
8367,抱,12
8567,王丽坤,12
8591,一年,12
8614,买,12
8638,,12
8901,试图,12
8930,信,12
9065,不住,12
9093,疏影,12
9132,案,12
72,越,11
116,大年初一,11
314,优点,11
381,剧组,11
556,感动,11
630,一,11
899,黄磊,11
1106,石黑,11
1176,岳云鹏,11
1296,模式,11
1310,诡异,11
1329,仿佛,11
1365,改,11
1649,类似,11
1811,一看,11
1889,成立,11
2155,控制,11
2207,终于,11
2359,不太,11
2646,＝,11
2827,解释,11
2919,救,11
3000,矫情,11
3023,怀疑,11
3299,典型,11
3343,嫁衣,11
3370,程度,11
3541,单薄,11
3592,江,11
3643,影院,11
3777,制造,11
3813,展开,11
4072,啊啊啊,11
4186,一堆,11
4288,包括,11
4351,屎,11
4508,自我,11
4587,人生,11
4688,略,11
4692,扎实,11
4808,突突突,11
4946,春节,11
4951,一众,11
5026,思考,11
5186,化,11
5357,看得,11
5457,独立,11
5841,出色,11
5869,温情,11
5974,彩蛋,11
6026,代入,11
6073,配音,11
6103,乱,11
6153,人设,11
6178,还原,11
6258,尬,11
6349,放弃,11
6439,漏洞百出,11
6459,倒叙,11
7101,超出,11
7546,明明,11
7642,对白,11
7753,刺激,11
8058,漏洞,11
8144,熟悉,11
8558,非,11
8803,转折,11
8883,穿,11
8944,狐妻,11
8998,第一次,11
9057,拉,11
9155,大可不必,11
9216,快,11
9282,紧张感,11
9335,剩下,11
130,道具,10
151,李若彤,10
235,合适,10
329,住,10
330,正邪,10
398,!,10
484,惊悚片,10
543,反正,10
690,浮夸,10
695,包装,10
780,票,10
1025,案情,10
1182,色调,10
1362,版本,10
1447,场,10
1527,沉浸,10
1603,提,10
1640,有鬼,10
1855,有种,10
2006,山村,10
2016,转场,10
2149,老套,10
2408,桥段,10
2711,林峰,10
2763,银河,10
2924,怕,10
3089,相比,10
3118,一半,10
3218,长,10
3234,光明,10
3373,驴,10
3445,槽,10
3498,话,10
3656,大片,10
3693,上映,10
3724,跳舞,10
4253,白姐,10
4259,杀人案,10
4440,割裂,10
4454,依然,10
4522,一出,10
4753,差到,10
4839,亮点,10
4911,买票,10
4919,口碑,10
4990,线索,10
5222,用力,10
5263,关键,10
5309,送,10
5330,先,10
5509,弟弟,10
5733,严华,10
5851,类,10
5993,设置,10
6024,一雄,10
6126,垃圾,10
6365,房子,10
6404,属实,10
6415,丰满,10
6478,心理,10
6864,剪,10
6874,拆弹,10
7183,影响,10
7268,水,10
7271,姐姐,10
7367,带来,10
7540,冯绍峰,10
7990,疲态,10
8010,几位,10
8177,前作,10
8286,罪案,10
8374,非要,10
8899,很棒,10
9244,形象,10
9266,远山,10
174,诈骗,9
175,疯,9
182,社会,9
284,生气,9
301,差点,9
803,王一博演,9
861,演绎,9
1080,游戏,9
1137,仇,9
1277,增加,9
1288,抽丝剥茧,9
1458,sa,9
1513,缺陷,9
1722,两部,9
1793,基础,9
1866,牵强,9
2221,叙述,9
2263,功夫,9
2273,之下,9
2354,精致,9
2414,有c,9
2574,自杀,9
2585,无论是,9
2802,难,9
2910,男女,9
2962,乱七八糟,9
3351,谍战片,9
3375,鬼故事,9
3423,贼,9
3715,男,9
3839,改动,9
4138,影,9
4223,报警,9
4243,如坐针毡,9
4327,降智,9
4474,揭开,9
4615,稍微,9
4666,掩盖,9
4673,疯子,9
4741,后期,9
4848,影像,9
4941,各怀鬼胎,9
5023,後,9
5079,放大,9
5136,邪恶,9
5326,融入,9
5381,表情,9
5447,自圆其说,9
5478,网大里,9
5604,荒诞,9
5627,段,9
5637,变得,9
5669,发疯,9
5718,朋友,9
5781,@部,9
5807,创作,9
5834,环境,9
6180,不用,9
6204,富人,9
6602,本质,9
6637,小莲,9
6691,国产电影,9
6743,震撼,9
6814,味儿,9
6861,语,9
7061,王,9
7078,变,9
7106,依旧,9
7115,美术,9
7287,明星,9
7332,戏剧,9
7382,评分,9
7392,推动,9
7414,王家卫,9
7623,样子,9
7662,环环相扣,9
7741,警匪片,9
7748,不知所云,9
7982,拍得,9
7986,一个个,9
8089,诚意,9
8102,部,9
8126,出乎意料,9
8207,自洽,9
8282,工具,9
8354,放到,9
8380,不合理,9
8388,张力,9
8450,浪费时间,9
8654,一点点,9
9010,f,9
9053,真心,9
9384,间,9
0,插叙,8
16,粤语,8
227,展示,8
232,圆,8
303,主演,8
355,文工团,8
396,自由,8
510,跳,8
539,见,8
589,舒服,8
618,猜到,8
655,功力,8
1068,95,8
1180,选片,8
1267,亲儿子,8
1559,搭配,8
1680,魔警,8
1799,实力,8
1823,救命,8
1826,瑕疵,8
1860,煽情,8
1902,却是,8
1912,片里,8
2004,要命,8
2062,年轻,8
2530,案中案,8
2667,女孩,8
2723,骗,8
2795,干,8
2826,只会,8
2970,完美,8
3035,支持,8
3036,瞎,8
3087,天,8
3147,层层,8
3293,拍法,8
3323,雨夜,8
3398,不停,8
3569,讲得,8
3596,重心,8
3617,欲望,8
3720,封建,8
3787,嘴,8
3795,高级,8
3815,想法,8
3830,懂得,8
3963,张婧仪,8
3977,同情,8
4199,偏,8
4234,烧脑,8
4452,稀烂,8
4483,枪,8
4823,抬,8
4977,日记,8
5161,山庄,8
5183,路,8
5249,佳作,8
5260,隐藏,8
5262,牛,8
5331,剧版,8
5349,杀死,8
5503,中段,8
5554,皮,8
5688,美学,8
5788,捧,8
5804,想要,8
5911,布景,8
6257,庭审,8
6321,外衣,8
6381,沦为,8
6389,爆炸,8
6398,厉害,8
6471,几年,8
6543,收尾,8
6745,上午,8
6772,不见,8
6904,翻拍,8
6941,动作,8
7064,全场,8
7087,色彩,8
7095,事情,8
7137,报,8
7281,艺术,8
7393,客观,8
7397,因素,8
7447,深度,8
7512,配角,8
7527,估计,8
7565,稀碎,8
7708,看似,8
7726,唐诗,8
7739,问,8
7786,喊,8
7831,十足,8
7927,案子,8
8068,出演,8
8086,封建迷信,8
8246,度,8
8406,好帅,8
8448,串联,8
8575,升米,8
8633,友情,8
8667,堪称,8
8691,反,8
8789,巧妙,8
8820,星给,8
8833,想象,8
8864,对话,8
8875,晦气,8
9069,耳,8
9143,boss,8
9179,一塌糊涂,8
9399,可笑,8
3,开,7
56,追求,7
136,缺,7
196,太过,7
328,凶杀案,7
350,重生,7
429,看不见,7
434,梁生,7
493,瞬间,7
540,无间道,7
558,想起,7
612,@,7
627,暴露,7
642,欣赏,7
678,第一幕,7
680,坐在,7
766,文化,7
897,不通,7
974,尺度,7
976,看点,7
988,严肃,7
1093,特e,7
1161,方法,7
1269,国产片,7
1399,技法,7
1408,问问,7
1569,中规中矩,7
1607,猪,7
1623,廉价,7
1697,花钱,7
1805,撞,7
1981,太重,7
1996,核心,7
2089,专家,7
2093,讲清楚,7
2232,心思,7
2398,原因,7
2404,失败,7
2435,韦生,7
2482,过瘾,7
2499,玻璃,7
2504,悬疑剧,7
2525,两天,7
2559,多年,7
2580,做出,7
2582,感人,7
2642,妥协,7
2674,20,7
2703,3.5,7
2719,片段,7
2809,稚嫩,7
2876,立场,7
2880,紧凑,7
2896,刑警,7
2932,新颖,7
3017,分裂,7
3059,爱情故事,7
3105,一大,7
3313,剩,7
3365,两人,7
3598,很难,7
3621,华语,7
3737,领导,7
3881,特写,7
3920,傻,7
3921,时长,7
4061,100,7
4102,恰到好处,7
4135,创意,7
4149,怒火,7
4242,理想,7
4244,找到,7
4245,继承,7
4269,姑娘,7
4422,恶魔,7
4434,头,7
4458,面前,7
4490,睡着,7
4537,6.5,7
4679,一座,7
4716,风声,7
4828,换个,7
4871,假,7
4950,输出,7
4954,二十年,7
5034,可言,7
5051,始终,7
5067,重,7
5100,剧,7
5189,误导,7
5268,荒唐,7
5395,恋爱,7
5494,美感,7
5498,秀,7
5603,贴,7
5613,检察,7
5644,利用,7
5700,打分,7
5760,保障,7
5812,蔡卓妍,7
5899,共产党,7
5948,一惊,7
6044,针锋相对,7
6218,短,7
6397,标签,7
6449,涉及,7
6470,王传君,7
6517,插入,7
6525,预告片,7
6527,之外,7
6587,豆瓣,7
6619,大部分,7
6675,狐狸,7
6708,开口,7
6845,营销,7
6852,形式,7
6868,抓住,7
6880,回归,7
6889,喝,7
6966,不用说,7
7068,气,7
7092,拍成,7
7093,眼神,7
7133,体验,7
7310,看不到,7
7312,一遍,7
7336,毛病,7
7421,几场,7
7521,安排,7
7523,资本,7
7563,半小时,7
7699,成精,7
7703,伟仔,7
7717,90,7
7719,悬浮,7
7734,2.5,7
7744,不该,7
7798,孕妇,7
7808,系列,7
7932,政治,7
7980,吐,7
8048,双线,7
8060,贪婪,7
8088,其他人,7
8189,因果,7
8231,想到,7
8243,早,7
8469,揭示,7
8531,一群,7
8572,当年,7
8616,陈,7
8659,突兀,7
8676,哈哈哈,7
8686,配,7
8760,乍,7
8769,有个,7
8805,暴力,7
9107,神鬼,7
9146,恐怖感,7
9189,宇宙,7
9277,项目,7
9348,纸妻,7
9403,救赎,7
120,公诉,6
148,持续,6
215,主,6
233,炸裂,6
265,标准,6
342,说实话,6
362,平淡,6
446,缺点,6
461,装神弄鬼,6
616,收工,6
625,梗,6
704,猜出来,6
740,民警,6
756,捏,6
759,受,6
775,一分,6
864,爱看,6
898,不知,6
900,压抑,6
909,四个,6
910,,6
913,脑,6
919,绑架,6
935,抛开,6
941,无力,6
946,情况,6
1008,老戏骨,6
1029,队长,6
1098,寄生虫,6
1191,摄影师,6
1193,有趣,6
1259,滤镜,6
1297,眼睛,6
1324,花,6
1411,谜底,6
1439,科学,6
1475,锅,6
1484,想想,6
1546,篇幅,6
1570,感到,6
1574,神秘,6
1611,两段,6
1614,成本,6
1637,残忍,6
1684,迷雾,6
1838,天才,6
1846,远,6
1849,我要,6
1985,挺不错,6
2053,改为,6
2108,脑子,6
2230,概念,6
2315,玩意,6
2325,李俊,6
2407,忽悠,6
2466,周,6
2535,只想,6
2542,猎人,6
2552,碎片,6
2670,一张,6
2695,疯魔,6
2798,图鉴,6
2890,之上,6
2951,惊艳,6
2952,长镜头,6
2963,精巧,6
3011,双女主,6
3014,探索,6
3018,气息,6
3019,妇女节,6
3031,有限,6
3070,舞蹈,6
3088,挑,6
3123,正确,6
3219,棒,6
3227,说话,6
3262,皆,6
3297,wyb,6
3448,老板,6
3512,读,6
3573,一步步,6
3633,负数,6
3639,剧情片,6
3703,新鲜,6
3757,专业,6
3762,天然,6
3825,经理,6
4063,第二幕,6
4100,几分,6
4155,探案,6
4182,生动,6
4217,一体,6
4276,丑,6
4290,生死,6
4386,一言难尽,6
4578,目的,6
4585,俩,6
4592,色戒,6
4659,吐槽,6
4735,模板,6
4849,村民,6
4890,成功,6
5068,路线,6
5121,后悔,6
5129,克制,6
5293,老百姓,6
5317,骂,6
5342,好多,6
5428,严,6
5487,好好看,6
5570,暴风雪,6
5592,噱头,6
5609,看得出,6
5623,无语,6
5629,伦理,6
5663,救救,6
5682,圭吾式,6
5704,虐杀,6
5711,集合,6
5763,赞,6
5861,弃,6
5866,过猛,6
5879,倍速,6
5880,邪,6
5934,群像,6
5996,脸上,6
6058,流畅,6
6119,病,6
6156,一人,6
6203,退钱,6
6286,很快,6
6306,有意思,6
6402,百合,6
6423,弱智,6
6434,进,6
6648,恶心,6
6714,平铺直叙,6
6753,日式,6
6760,记得,6
6803,直白,6
6832,深情,6
6879,时刻,6
6895,多余,6
6903,有点儿,6
6947,遗憾,6
7046,解谜,6
7062,猎罪,6
7111,一层,6
7113,酣畅淋漓,6
7123,前提,6
7134,高晋,6
7141,询问,6
7158,演出,6
7295,监狱,6
7331,舒适,6
7362,故事会,6
7403,共情,6
7494,鸡汤,6
7526,家,6
7616,恐怖电影,6
7625,意识,6
7627,第一部,6
7655,太慢,6
7686,单一,6
7701,动人,6
7751,加一星,6
7971,框架,6
8054,狐仙,6
8151,小品,6
8212,影后,6
8230,矛盾,6
8274,魅力,6
8276,狗血,6
8285,弱,6
8309,魔改,6
8342,杜琪峰,6
8346,一位,6
8351,大鹏,6
8355,早就,6
8552,三叔,6
8611,极致,6
8709,衣服,6
8779,还好,6
9082,火灾,6
9087,不像,6
9123,小岳岳,6
9183,周扬,6
9219,娶,6
9284,灵魂,6
9303,经不起,6
9411,冲突,6
5,四,5
126,心,5
152,最佳,5
243,今日,5
249,回到,5
250,味,5
346,拜托,5
445,精髓,5
449,罪恶,5
579,值得一看,5
588,笑点,5
605,致敬,5
645,发,5
710,亲生,5
747,好几个,5
750,年纪,5
799,幽默,5
848,区,5
867,家族,5
877,是从,5
894,揭露,5
901,超越,5
914,庄文强,5
952,TVB,5
956,异常,5
1004,考,5
1034,拿捏,5
1085,参与,5
1197,警匪,5
1206,真相大白,5
1268,区别,5
1274,描述,5
1352,兴趣,5
1357,跳戏,5
1422,l,5
1469,太好,5
1497,挂羊头卖狗肉,5
1516,潜伏,5
1564,调调,5
1590,愤怒,5
1606,瞅,5
1615,夸,5
1628,意境,5
1633,记忆,5
1668,一件,5
1714,主创,5
1762,丢,5
1774,讽刺,5
1803,这类,5
1809,没看,5
1836,鬼神,5
1841,折磨,5
2011,留给,5
2075,,5
2083,享受,5
2084,没能,5
2086,分不清,5
2119,意料之中,5
2125,戏码,5
2150,老师,5
2153,拍出,5
2156,灾难,5
2161,作,5
2186,难以,5
2194,一贯,5
2270,不许,5
2284,该片,5
2397,盲探,5
2413,八,5
2467,仅靠,5
2476,滚,5
2479,提前,5
2517,顺利,5
2538,驱动,5
2606,PS,5
2607,放,5
2630,半天,5
2744,巧思,5
2745,冲击力,5
2753,主体,5
2843,原本,5
2844,天赋,5
2849,太烂,5
2855,传统,5
2881,错,5
2883,疯癫,5
2921,高光,5
2935,死者,5
3016,起码,5
3095,相互,5
3153,建国,5
3184,加点,5
3263,裤子,5
3292,错误,5
3310,位置,5
3321,怼,5
3333,无奈,5
3382,披,5
3391,谍战,5
3446,收藏,5
3489,接点,5
3518,廉政,5
3626,职业,5
3635,珍惜,5
3689,陷入,5
3709,求求,5
3713,越来越,5
3727,破,5
3747,狠狠,5
3801,前期,5
3802,网,5
3856,恐惧,5
3912,罪犯,5
3914,对峙,5
3934,思维,5
3975,腔调,5
3982,不难,5
4064,两年,5
4079,,5
4111,东方,5
4114,别有用心,5
4143,迫害,5
4252,血腥,5
4264,吓死,5
4279,莫名,5
4322,电影票,5
4324,杂乱,5
4329,秒,5
4334,穿插,5
4364,作用,5
4374,解决,5
4400,精良,5
4406,合,5
4442,解密,5
4524,幼稚,5
4616,那,5
4630,女鬼,5
4683,仅仅,5
4705,贷,5
4707,贡献,5
4758,狠,5
4770,架构,5
4779,心机,5
4814,听到,5
4816,绝,5
4886,瑕不掩瑜,5
4914,画出,5
4940,信息量,5
5009,内心,5
5010,不及,5
5077,砸,5
5105,暴殄天物,5
5128,沉默,5
5148,拆,5
5155,30,5
5202,级,5
5215,观看,5
5257,变化,5
5270,恩斗米,5
5311,说服力,5
5365,灵异,5
5410,痕迹,5
5423,女演员,5
5440,凹,5
5446,懵,5
5493,图,5
5515,模拟,5
5622,城市,5
5628,装逼,5
5652,未来,5
5695,提升,5
5706,粤语版,5
5725,看王,5
5737,香,5
5839,日,5
5950,诡,5
5976,快乐,5
5983,模糊,5
5990,特色,5
6020,瞎子,5
6055,介绍,5
6200,а,5
6245,奔,5
6272,欺骗,5
6295,雨衣,5
6350,不说,5
6451,对不起,5
6565,眼看,5
6664,拼凑出,5
6740,吊打,5
6788,丑陋,5
6831,侮辱,5
6838,评论,5
6899,美的,5
7001,迎合,5
7244,最烂,5
7342,勉强,5
7404,五一,5
7408,糟糕,5
7418,气死我了,5
7436,沈队,5
7440,一条,5
7475,坨,5
7515,工作,5
7740,妈妈,5
7771,缺乏,5
7813,浓重,5
7825,校园,5
7852,烈火,5
7867,肺,5
7883,奇案,5
7897,口味,5
7937,那套,5
7952,电影版,5
8002,背,5
8057,深渊,5
8118,好感,5
8146,转换,5
8209,除恶,5
8221,证明,5
8262,生命,5
8263,下次,5
8303,淡影,5
8349,个人风格,5
8453,2022,5
8563,思辨,5
8605,稳定,5
8617,一如既往,5
8650,,5
8671,出彩,5
8683,足,5
8707,巧合,5
8727,比重,5
8773,伪,5
8801,C,5
8836,渲染,5
8838,纯,5
8863,乏善可陈,5
8907,软弱,5
8916,兴安岭,5
8963,歇斯底里,5
8965,制服,5
8992,良心,5
9022,照相馆,5
9064,片长,5
9066,要死,5
9135,爆发,5
9142,停,5
9157,轻松,5
9171,太行,5
9199,议题,5
9202,梁,5
9231,害死,5
9236,深意,5
9299,忽略,5
9310,好烂,5
9334,变态,5
9340,感都,5
9389,法律,5
9415,层面,5
8,立,4
23,误解,4
69,站,4
100,卖药,4
103,剧中,4
108,稳,4
140,常规,4
161,片尾,4
206,并不多,4
241,要论,4
273,地步,4
287,同志,4
310,美女,4
390,一眼,4
407,抄,4
412,目标,4
466,离场,4
474,自爆,4
491,第三幕,4
523,一是,4
548,活在,4
554,指望,4
597,饭桌,4
611,比方说,4
641,批判,4
706,命案,4
713,悬案,4
741,多一星,4
746,t是,4
763,捕捉,4
784,乔老爷,4
798,加油,4
807,少见,4
813,妖,4
839,转行,4
845,熟人,4
855,诺兰,4
902,林家栋,4
924,粗暴,4
927,终有,4
953,谋杀,4
992,@,4
1006,坏蛋,4
1010,过多,4
1011,呈现出,4
1018,闪回,4
1056,原生态,4
1079,揭晓,4
1105,劲,4
1121,散,4
1123,计划,4
1124,超,4
1158,惊讶,4
1167,真八,4
1168,常理,4
1237,打斗,4
1255,调查,4
1264,道理,4
1295,emmm,4
1330,经验,4
1412,阴森,4
1414,客人,4
1415,芭蕾,4
1476,可悲,4
1477,空镜,4
1506,团队,4
1529,连接,4
1558,操作,4
1572,动,4
1575,偏执,4
1577,分段,4
1584,好差,4
1595,五个,4
1609,妖魔鬼怪,4
1626,想着,4
1629,状态,4
1635,c,4
1654,办案,4
1701,事实,4
1738,民间,4
1740,破碎,4
1775,一流,4
1782,娱乐圈,4
1783,还会,4
1817,堆砌,4
1820,童谣,4
1822,赢,4
1856,淋漓尽致,4
1857,荒原,4
1859,X得,4
1862,拽,4
1864,政审,4
1932,脑子里,4
1939,推理片,4
1948,拼凑,4
1979,情仇,4
1984,之作,4
2055,憨,4
2106,扯,4
2118,学,4
2129,手段,4
2141,高能,4
2142,套,4
2175,行走,4
2178,综艺,4
2216,b,4
2247,时期,4
2269,崩,4
2306,对戏,4
2311,枪法,4
2324,恐影,4
2357,太拉跨,4
2375,无口,4
2385,零,4
2401,级别,4
2432,构建,4
2433,梦想,4
2471,没法,4
2488,舞蹈演员,4
2491,生,4
2534,大女主,4
2544,爆,4
2583,屠夫,4
2624,虐,4
2640,太差,4
2644,好评,4
2705,说好,4
2742,人类,4
2811,轮回,4
2838,范儿,4
2877,摔,4
2893,跪,4
2901,一股,4
2923,撑,4
2934,演员表,4
2944,案例,4
2959,别扭,4
2994,女子,4
3002,久,4
3024,功底,4
3061,用到,4
3072,事儿,4
3091,预告,4
3094,崔,4
3103,等于,4
3141,最有,4
3160,爽片,4
3172,整场,4
3180,危险,4
3212,一会,4
3223,严谨,4
3243,好坏,4
3249,豪门,4
3250,满满,4
3271,性格,4
3285,氛,4
3302,会近,4
3376,皱眉,4
3385,擅长,4
3397,抓得,4
3431,引人入胜,4
3452,凑,4
3464,幻想,4
3482,看得出来,4
3487,房间,4
3496,反复,4
3504,四不像,4
3510,女生,4
3532,低级,4
3550,别看,4
3553,最差,4
3575,手办,4
3589,视觉,4
3664,快节奏,4
3690,一瞬间,4
3695,女主角,4
3719,侵占,4
3786,全剧,4
3807,馒头,4
3831,吃饭,4
3855,半个,4
3864,直给,4
3889,版权,4
3908,不思进取,4
3919,尿点,4
3959,无疑,4
3971,上帝,4
3987,去年,4
3999,占,4
4008,肉,4
4016,李睿,4
4018,特质,4
4023,多重,4
4036,侯雯元,4
4050,律师行,4
4057,拯救,4
4066,害怕,4
4073,添头,4
4075,好奇,4
4077,工艺,4
4101,2023,4
4146,缺少,4
4174,唏嘘,4
4218,取向,4
4221,公检法,4
4241,芳华,4
4251,毁容,4
4311,教授,4
4314,开枪,4
4345,周五,4
4423,离开,4
4424,青春,4
4462,考究,4
4497,配合,4
4532,故事情节,4
4563,谁能给,4
4576,大房子,4
4577,深究,4
4607,油腻,4
4633,我来,4
4668,谢锦,4
4676,古董,4
4685,炫技,4
4734,⒚,4
4751,进一步,4
4763,girls,4
4768,躲猫猫,4
4772,娃娃,4
4775,原版,4
4784,60,4
4838,咋搞,4
4863,摆明,4
4879,室内,4
4893,字体,4
4901,复仇记,4
4906,舍不得,4
4965,生完,4
4967,头皮发麻,4
5071,创作者,4
5073,可行性,4
5074,麻,4
5090,旁边,4
5094,超过,4
5103,成分,4
5233,名,4
5256,依托,4
5258,处于,4
5267,弥漫着,4
5333,十几分钟,4
5336,故事性,4
5353,二人,4
5391,]有,4
5408,目击者,4
5415,肉眼,4
5453,重案,4
5466,党,4
5484,煎熬,4
5488,前有,4
5495,玩意儿,4
5505,要有光,4
5516,汐担,4
5542,23.3,4
5560,吴昊宸,4
5647,章欣,4
5656,见光死,4
5686,鬼子,4
5717,中女,4
5744,一身,4
5758,博弈,4
5762,[,4
5770,伤痕,4
5783,板,4
5789,报仇,4
5793,化学反应,4
5794,称得上,4
5815,着实,4
5816,尽显,4
5902,一步,4
5929,糙,4
5938,仇恨,4
5942,单,4
5945,个个,4
5999,藏尸,4
6000,成果,4
6008,这辈子,4
6037,作文,4
6066,直,4
6074,生活,4
6114,o,4
6151,细腻,4
6152,哐,4
6163,杀人犯,4
6186,期,4
6188,动物,4
6189,对立,4
6194,愿,4
6195,留白,4
6197,选角,4
6253,三千万,4
6274,蹭,4
6282,下线,4
6285,羊,4
6302,缺钱,4
6311,拿到,4
6354,励志,4
6371,来到,4
6385,一套,4
6432,细致,4
6463,猜出,4
6472,仅,4
6535,最新,4
6547,互动,4
6567,最起码,4
6573,格格不入,4
6577,零碎,4
6586,80,4
6590,地狱,4
6652,手机,4
6672,歌,4
6700,玩弄,4
6705,网剧感,4
6728,@,4
6730,演成,4
6731,一家,4
6742,不看,4
6756,大段,4
6771,愚昧,4
6775,首席,4
6776,一路,4
6810,阐述,4
6840,情怀,4
6842,南方,4
6857,拼贴,4
6865,2,4
6911,防爆,4
6926,说不过去,4
6929,好戏,4
6933,命,4
6937,敌,4
6943,提供,4
6950,错过,4
6953,人,4
6981,画风,4
6995,网剧,4
6997,好笑,4
7010,恶,4
7047,坏,4
7060,福利院,4
7071,全世界,4
7072,幌子,4
7081,枪杀,4
7094,红色,4
7104,7.5,4
7120,独白,4
7159,后半部,4
7195,思想,4
7196,救护车,4
7214,能换个,4
7217,无能,4
7254,一度,4
7301,听说,4
7304,工作日,4
7325,m然,4
7333,外,4
7355,深沉,4
7358,某种,4
7361,颇,4
7365,受害者,4
7368,B,4
7380,事实证明,4
7410,赶紧,4
7435,影版,4
7452,引出,4
7458,摆,4
7498,好似,4
7528,软件,4
7562,漂亮,4
7577,从头到尾,4
7603,敢,4
7654,解读,4
7663,过火,4
7664,围绕,4
7674,滋生,4
7746,一家人,4
7775,态度,4
7777,十分钟,4
7783,一秒钟,4
7791,打着,4
7828,说出,4
7839,尸,4
7845,性,4
7871,密度,4
7876,映像,4
7879,感叹,4
7882,腚,4
7886,做文章,4
7901,二是,4
7973,保护,4
7993,对不上,4
8006,装,4
8028,姐弟,4
8034,大火,4
8091,山林,4
8129,开篇,4
8148,大屏幕,4
8153,劲儿,4
8171,体系,4
8174,拉满,4
8178,视频剪辑,4
8180,高度,4
8220,真有,4
8247,蛇,4
8255,嗨,4
8259,过渡,4
8280,眨,4
8292,烧,4
8297,好歹,4
8308,伤害,4
8315,麦导,4
8321,建筑,4
8393,毕业,4
8422,0.5,4
8424,世间,4
8427,充满,4
8439,呐,4
8460,阴谋,4
8486,三遍,4
8489,递进,4
8530,啥时候,4
8551,营养,4
8570,做作,4
8571,闹,4
8574,可怜,4
8580,师傅,4
8620,有光,4
8656,轰炸,4
8668,可塑,4
8710,重逢,4
8713,别来,4
8719,爱好者,4
8726,身材,4
8752,聊斋,4
8762,伟光,4
8768,靠着,4
8798,制度,4
8802,tone,4
8825,喜剧片,4
8827,服,4
8861,清醒,4
8868,纯爱,4
8873,便是,4
8887,15,4
8914,推敲,4
8936,香火,4
8943,跟着,4
8999,点映场,4
9006,防备,4
9020,他俩,4
9055,相,4
9071,浓郁,4
9081,全方位,4
9085,一脸,4
9110,无非,4
9218,老婆,4
9311,刑侦,4
9343,咖,4
9356,满身,4
9357,神奇,4
9392,太快,4
9406,办法,4
9413,高潮,4
9414,差强人意,4
9419,记住,4
17,获取,3
18,cp,3
29,神似,3
40,洗脑,3
48,首映,3
51,情,3
59,取胜,3
61,....,3
64,市场,3
65,刷,3
96,吖,3
98,即弃,3
104,妖怪,3
114,不如说,3
125,片头,3
137,财富,3
155,空洞,3
205,恨不得,3
208,顶,3
245,赵公子,3
247,喜感,3
267,土匪,3
282,暴躁,3
296,花里胡哨,3
308,落到,3
334,影城,3
343,出发,3
356,张婧,3
359,西方,3
380,引发,3
382,强悍,3
387,诠释,3
441,s,3
456,口型,3
464,取景,3
465,沉闷,3
472,坦白,3
478,龙王庙,3
479,台湾,3
508,明眼人,3
517,载体,3
525,强大,3
526,往事,3
534,看得人,3
542,过高,3
572,风暴,3
575,辛苦,3
586,第二次,3
594,活,3
599,旁白,3
602,悲壮,3
609,纯靠,3
648,女儿,3
650,内敛,3
657,解开,3
659,貌似,3
663,竟,3
689,探,3
731,皮相,3
733,服兵役,3
742,收得,3
758,怪谈,3
767,违和,3
770,物,3
792,接地,3
862,感官,3
883,假装,3
886,讲真,3
904,抛,3
905,x,3
906,可不是,3
908,卖,3
918,三年,3
922,集体,3
965,大喊,3
980,家庭,3
1007,光点,3
1061,打动,3
1064,保护伞,3
1073,心中,3
1108,压缩,3
1111,两颗,3
1128,森博,3
1145,演了,3
1154,尚可,3
1157,空境,3
1164,改成,3
1189,合家欢,3
1215,未免太,3
1245,整得,3
1257,回家,3
1272,近几年,3
1275,搞懂,3
1287,精,3
1319,寂寞,3
1368,家人,3
1380,国语,3
1393,参加,3
1425,借着,3
1492,后续,3
1495,违,3
1522,P,3
1524,噩梦,3
1549,精华,3
1565,肿,3
1589,左,3
1593,L格,3
1598,故作,3
1616,揭秘,3
1631,面孔,3
1646,终极,3
1659,老人,3
1661,一通,3
1671,两,3
1673,一跳,3
1695,算了,3
1707,二,3
1709,新人,3
1712,高大,3
1719,这场,3
1728,性感,3
1741,三人,3
1750,体现,3
1753,近年,3
1784,认知,3
1785,酱油,3
1798,定,3
1843,底层,3
1845,嫌疑,3
1880,执念,3
1890,高估,3
1891,本格,3
1904,扣人心弦,3
1925,脑袋,3
1955,慢,3
1957,BTW,3
1959,凑合,3
1969,叠加,3
1971,第二,3
1977,去过,3
1978,门口,3
1992,铺陈,3
2015,旧案,3
2027,暴雪,3
2032,毒,3
2105,猎奇,3
2114,中央,3
2159,叙,3
2177,恍惚,3
2182,无处,3
2196,大善,3
2206,点点,3
2235,大失所望,3
2236,基调,3
2255,打开,3
2265,满意,3
2292,普法,3
2293,此类,3
2322,真凶,3
2336,看不出,3
2345,商业性,3
2348,守护,3
2403,点子,3
2416,一份,3
2417,九点,3
2440,集结,3
2454,精品,3
2473,一道,3
2478,结尾处,3
2485,S,3
2495,一大截,3
2505,保证,3
2507,搁,3
2512,压着,3
2519,未,3
2523,绝境,3
2537,大呼小叫,3
2549,客串,3
2565,扒,3
2567,感恩,3
2575,我能,3
2577,惊人,3
2581,战片,3
2589,悲剧,3
2590,男宝,3
2649,大学生,3
2659,高尚,3
2682,屏幕,3
2685,六点,3
2694,沉迷于,3
2702,废话,3
2716,潦草,3
2740,审问,3
2747,别去,3
2771,没鬼,3
2777,恨,3
2784,拧,3
2791,星光,3
2803,很差,3
2823,苦,3
2829,梦,3
2845,双,3
2853,隐秘,3
2856,登场,3
2859,全线,3
2866,摆烂,3
2891,神神,3
2918,依赖,3
2920,掉,3
2925,演员阵容,3
2938,怀孕,3
2939,后代,3
2941,详略,3
2946,寻找,3
2964,随便,3
2976,云,3
2982,自行车,3
2986,真得,3
2992,注意力,3
3012,照顾,3
3028,愚蠢,3
3068,不让,3
3074,宿命,3
3093,可贵,3
3117,太久,3
3131,组织,3
3135,水面,3
3140,厕所,3
3176,糟粕,3
3178,太像,3
3193,一口,3
3205,衔接,3
3236,搞点,3
3287,影视,3
3291,可爱,3
3308,道士,3
3311,久违,3
3314,最强,3
3315,相对来说,3
3338,死亡,3
3369,上线,3
3408,同类,3
3426,个体,3
3438,打架,3
3451,太难,3
3460,爆破,3
3465,是,3
3476,圈钱,3
3478,多线,3
3481,翻译,3
3490,眼前一亮,3
3503,糊弄,3
3507,耐心,3
3534,穷人,3
3543,看吧,3
3560,发出,3
3580,苍凉,3
3599,缩影,3
3605,隔壁,3
3610,优雅,3
3622,大杂烩,3
3629,功课,3
3651,很准,3
3655,达成,3
3672,至极,3
3682,笔记,3
3683,独角戏,3
3691,舞台,3
3697,一幕,3
3707,逻辑性,3
3752,隔,3
3771,光环,3
3781,妆容,3
3783,胸口,3
3796,杜生,3
3803,指,3
3806,闹着玩,3
3832,独舞,3
3848,羽毛,3
3878,国语版,3
3886,走心,3
3888,聪明,3
3890,研究,3
3891,烹尸,3
3927,大仙,3
3930,陈鑫,3
3944,固定,3
3945,凝望,3
3948,无话可说,3
3949,身体,3
3951,邱礼涛,3
3955,分饰,3
3958,好听,3
3990,证词,3
4013,复仇者,3
4021,一秒,3
4026,查案,3
4031,早点,3
4033,虚构,3
4037,面,3
4038,太大,3
4043,栽赃,3
4056,点开,3
4068,年纪轻轻,3
4089,看个,3
4093,血,3
4105,纸童,3
4121,悲惨,3
4132,非常明显,3
4134,垮,3
4136,祭,3
4141,肢体,3
4152,智齿,3
4158,大邪,3
4163,直指,3
4175,当代,3
4177,顺畅,3
4203,失真,3
4224,排,3
4246,匠气,3
4254,公安,3
4291,驾驭,3
4299,策略,3
4365,12,3
4370,Y局,3
4376,之力,3
4383,不配,3
4389,耽误,3
4412,叨叨,3
4425,乔家,3
4449,改,3
4463,技术,3
4468,@,3
4482,群戏,3
4493,麦庄,3
4498,审核,3
4526,条,3
4550,一头雾水,3
4569,警长,3
4589,绕,3
4632,水泥,3
4653,操纵,3
4664,意味,3
4699,空气,3
4709,强奸案,3
4710,魔鬼,3
4727,反胃,3
4765,杂糅,3
4800,上次,3
4821,拖,3
4852,目不暇接,3
4885,一般般,3
4891,景深,3
4912,网大中,3
4921,勉,3
4955,以往,3
4957,然,3
4963,碾压,3
5002,D,3
5016,一出场,3
5019,交叉,3
5027,格调,3
5047,乙,3
5075,问号,3
5114,耳朵,3
5133,一环扣一环,3
5146,猛,3
5149,仓管员,3
5152,可真,3
5158,被动,3
5170,},3
5177,化为,3
5180,一部分,3
5184,残酷,3
5194,大巴车,3
5214,难受,3
5228,观赏性,3
5231,补,3
5238,激烈,3
5275,试探,3
5283,生猛,3
5289,阶段,3
5296,铺开,3
5298,颠,3
5302,时空,3
5328,=,3
5334,迷信,3
5343,先不说,3
5346,选,3
5377,要说,3
5386,那条,3
5401,价值观,3
5429,A,3
5435,伏笔,3
5444,麻烦,3
5451,天花板,3
5483,错觉,3
5491,父亲,3
5519,大胆,3
5525,死去,3
5528,逆转,3
5575,定义,3
5584,扮演,3
5602,扛,3
5617,支撑,3
5633,摆设,3
5698,命运,3
5713,开车,3
5736,翻白眼,3
5753,升级,3
5825,scare,3
5845,符号,3
5846,父权,3
5857,对得起,3
5870,层皮,3
5872,挖,3
5893,正片,3
5903,男二,3
5909,迅姐,3
5912,走出,3
5926,咒,3
5941,人物性格,3
5975,带点,3
5979,离奇,3
6010,本色,3
6015,困境,3
6022,三,3
6031,帅,3
6059,顶替,3
6063,喇叭,3
6100,陈述,3
6101,可圈可点,3
6106,匪夷所思,3
6108,北京,3
6123,张脸,3
6136,美好,3
6162,这件,3
6172,干练,3
6202,满脸,3
6209,滥用,3
6214,欢喜,3
6246,太尬,3
6251,面对,3
6265,黄色,3
6269,回来,3
6292,室,3
6304,魔幻,3
6314,戴,3
6326,变为,3
6344,儿戏,3
6391,联手,3
6426,小女孩,3
6428,小时候,3
6445,景色,3
6452,斗米,3
6465,成熟,3
6466,云雾,3
6477,平,3
6483,老牌,3
6495,一味,3
6509,杀高,3
6510,跟不上,3
6512,港产,3
6528,有程,3
6536,早上,3
6539,扎,3
6548,公式化,3
6564,治疗,3
6572,第三个,3
6593,黑白,3
6595,寄托,3
6600,影史,3
6606,唯独,3
6616,融合,3
6628,一小,3
6636,老公,3
6660,男友,3
6669,陈紫函,3
6679,任何人,3
6711,肿胀,3
6715,匮乏,3
6718,纯纯,3
6724,采用,3
6752,卧底,3
6759,仓促,3
6770,人间,3
6780,残害,3
6782,粗制滥造,3
6786,英雄,3
6807,舞台剧,3
6821,懒得,3
6822,号,3
6823,平平,3
6825,薄弱,3
6827,宛如,3
6848,jump,3
6851,服务,3
6875,压根,3
6876,相爱,3
6891,这段,3
6896,留下,3
6910,方言,3
6920,表白,3
6924,母亲,3
6928,扣,3
6954,h改,3
6955,硬汉,3
6956,降低,3
6999,OK,3
7014,期望,3
7018,字,3
7027,又尬,3
7038,免费,3
7039,激动,3
7041,常见,3
7049,费,3
7067,大戏,3
7074,肤浅,3
7084,狗屎,3
7091,人为,3
7130,无表情,3
7135,地下,3
7146,暗示,3
7174,Sa,3
7177,外壳,3
7191,而活,3
7199,短剧,3
7204,追,3
7211,有仇,3
7213,那股,3
7215,新意,3
7220,初期,3
7224,种种,3
7238,极,3
7248,调性,3
7264,抠,3
7274,成片,3
7277,力量,3
7291,端,3
7294,全貌,3
7299,火光,3
7307,梳理,3
7319,小镇,3
7347,答案,3
7348,好久没,3
7359,记忆里,3
7363,不及格,3
7464,一气呵成,3
7478,烘托,3
7486,自带,3
7496,少年,3
7500,引导,3
7503,前任,3
7510,脱离,3
7513,他演,3
7518,回味,3
7525,令,3
7532,破坏,3
7539,发面,3
7560,一笑,3
7572,刁民,3
7589,面纱,3
7613,真不错,3
7620,警队,3
7644,秘密,3
7645,添加,3
7665,新娘,3
7673,高智商,3
7718,这算,3
7722,拒绝,3
7736,市长,3
7737,交锋,3
7749,大案,3
7758,外表,3
7760,华彩,3
7765,就让,3
7780,多加,3
7781,几次,3
7797,癫,3
7806,气势,3
7807,到家,3
7809,港风,3
7810,干瘪,3
7812,人格,3
7819,找个,3
7848,编织,3
7853,善,3
7874,啼笑皆非,3
7878,差远了,3
7905,他妈,3
7913,抢,3
7915,一博,3
7926,咣,3
7954,改编自,3
7966,相较,3
8021,,3
8056,^,3
8061,纰漏,3
8069,弧光,3
8096,运镜,3
8101,李,3
8110,多重人格,3
8121,败笔,3
8128,复刻,3
8130,领衔主演,3
8136,局,3
8172,这回,3
8186,违和感,3
8187,满,3
8191,上天,3
8192,无味,3
8196,受不了,3
8211,预测,3
8257,技巧,3
8258,水土不服,3
8266,狗,3
8269,实实在在,3
8314,停职,3
8326,或者说,3
8331,情境,3
8335,动静,3
8336,传播,3
8353,请,3
8412,改变,3
8433,实则,3
8454,换成,3
8462,头重脚轻,3
8476,日常,3
8498,空,3
8501,跳出,3
8507,韩栋,3
8529,调查过程,3
8535,讲完,3
8540,对决,3
8541,信任,3
8546,睡,3
8547,,3
8564,坏人,3
8566,演个,3
8573,更能,3
8577,迷惑,3
8606,鲜明,3
8613,微妙,3
8635,无所谓,3
8636,纠结,3
8647,做法,3
8666,答辩,3
8670,崛起,3
8685,好莱坞,3
8704,破烂,3
8720,扑朔迷离,3
8722,描边,3
8730,围着,3
8756,不留,3
8781,这部分,3
8782,需,3
8786,丑恶,3
8834,同一个,3
8843,三层,3
8847,骂人,3
8853,炫,3
8877,片尾曲,3
8884,一个点,3
8929,标记,3
8939,太肿,3
8968,21,3
8976,打破,3
8978,看不下去,3
8984,反腐,3
8996,写下,3
9003,地上,3
9029,挚友,3
9037,搬,3
9049,怎么回事,3
9054,腻,3
9056,我弟,3
9079,风格化,3
9086,宣传片,3
9117,两次,3
9122,过重,3
9124,再也,3
9126,仔细,3
9178,编,3
9185,近期,3
9214,耍帅,3
9233,看成,3
9240,地带,3
9243,过年,3
9305,关注,3
9307,抓捕,3
9332,复古,3
9353,工整,3
9361,两分,3
9374,ip,3
9398,很尬,3
9402,太好了,3
9421,★,3
2,筷子,2
4,越二缺,2
9,白白浪费,2
20,堕楼,2
24,老二,2
33,天上,2
35,交集,2
37,心梗,2
39,诡谲,2
52,拼图,2
57,堂,2
58,看笑,2
66,掺杂,2
71,面试,2
77,恩怨,2
85,虾,2
87,再品,2
90,令人发指,2
92,可不可以,2
105,孙子,2
111,有色眼镜,2
115,谱,2
117,西,2
124,名作,2
128,探寻,2
129,刘,2
134,预备,2
142,扑火,2
143,这家,2
154,坚信,2
156,关谷,2
157,事故,2
165,救命稻草,2
169,马,2
176,预知,2
183,之中,2
184,皇帝,2
187,饭,2
189,喜剧效果,2
191,不符,2
192,借鉴,2
200,黄渤,2
209,迷迭,2
212,君,2
214,唧唧,2
220,上山下乡,2
221,孤单,2
226,正面,2
228,蠢,2
237,退场,2
248,打掩护,2
252,底气,2
254,码盘,2
256,眼里,2
258,顺便,2
259,明暗,2
264,编号,2
268,苦情,2
270,程导,2
271,虚实,2
272,第四个,2
276,盖过,2
279,不清不楚,2
291,痛哭流涕,2
293,高亮,2
294,疯笔,2
297,抗战,2
299,把玩,2
300,带上,2
307,真帅,2
312,葱茏,2
315,特有,2
316,讲滥,2
317,成,2
318,王姓,2
324,糙汉,2
325,翻身,2
336,心境,2
348,化作,2
351,神经病,2
364,无视,2
374,之战,2
375,刚刚,2
377,林嘉欣,2
378,写得,2
379,分中,2
385,解释一下,2
386,怅然,2
392,议议,2
395,恶毒,2
397,腿短,2
401,出声,2
404,灵气,2
416,篇,2
417,贱人,2
437,找上门,2
438,版要,2
444,尾,2
454,众生,2
458,倒也不是,2
462,还魂,2
467,更沉,2
468,未必,2
469,第一口,2
477,字数,2
488,设局,2
489,控,2
490,名头,2
494,减到,2
496,圈点,2
497,人员,2
498,尚,2
500,十公里,2
502,仿,2
503,放屁,2
507,,2
511,得妈,2
514,小心,2
518,胖子,2
524,纷繁,2
532,动线,2
533,暗喻,2
538,老石,2
544,接收,2
545,田启文,2
546,配,2
553,制,2
557,机械,2
559,扑街,2
561,总算,2
565,明知,2
566,癫佬,2
580,无法自拔,2
590,忧郁,2
591,冤大头,2
593,友好,2
596,我会,2
600,信服,2
604,机率,2
606,奈何,2
610,中途,2
613,骗人,2
628,渴望,2
629,韦家辉式,2
631,良机,2
633,清清静静,2
634,转,2
637,暴起,2
639,总该,2
643,大气,2
644,汇合,2
658,深,2
662,神到,2
664,命去,2
665,陈紫涵,2
669,执业,2
671,波动,2
675,自食恶果,2
681,三千,2
686,客,2
688,碱水,2
692,最合适,2
693,冗长,2
694,忘,2
696,折损,2
697,后半场,2
698,cult,2
701,童雨辰,2
702,人太,2
703,脑瘫,2
709,十年,2
714,单独,2
718,自信,2
721,新年,2
723,没人,2
724,说教,2
726,一博演,2
738,拥有,2
753,大师,2
760,不输,2
764,闭环,2
769,前辈,2
773,一向,2
774,闪电,2
776,老派,2
779,相形见绌,2
781,死尸,2
782,胶片,2
788,几套,2
790,熟,2
793,呛,2
795,毋庸置疑,2
796,案里,2
801,冷暖自知,2
802,朵颐,2
804,合作,2
814,笑声,2
819,科技,2
821,洗,2
822,业务,2
826,个头,2
828,活着,2
837,众所周知,2
838,晃动,2
843,感全,2
849,会演,2
850,带感,2
853,太强,2
857,忒,2
859,指涉,2
863,蛊惑,2
868,很酷,2
871,长假,2
873,这坑,2
878,职,2
879,视频,2
888,`魂,2
890,过心,2
895,香掉,2
915,扮演者,2
921,比剧,2
926,汀,2
930,容过,2
933,若想,2
936,片酬,2
938,精细,2
940,多点,2
942,我服,2
945,冲王,2
951,打通,2
954,同处,2
959,清,2
961,国人,2
963,抓进去,2
969,更重,2
973,sp,2
977,时不时,2
978,比过,2
981,有心,2
985,95%,2
999,闹腾,2
1002,直视,2
1009,钩子,2
1012,拿下,2
1015,狂飙,2
1016,弑,2
1022,换,2
1024,听见,2
1031,整成,2
1035,在座,2
1042,写照,2
1043,齐全,2
1047,纯反,2
1048,求生,2
1050,论证,2
1052,反贪,2
1054,倒吸,2
1055,少去,2
1057,瘾,2
1074,调查员,2
1086,查,2
1087,精心,2
1092,约束,2
1095,车上,2
1100,躲回,2
1101,崩盘,2
1109,杀人盈野,2
1113,屠杀,2
1114,还给,2
1116,芦芳,2
1119,晦暗,2
1130,一博来,2
1135,范畴,2
1136,头脑,2
1139,黑色幽默,2
1142,一应俱全,2
1151,帮衬,2
1160,真想,2
1165,子弹,2
1172,叶正,2
1175,塞下,2
1177,u,2
1181,中二,2
1186,糟烂,2
1187,弃暗投明,2
1188,活生生,2
1192,汐老,2
1202,反让,2
1204,原始,2
1211,不开,2
1213,这块,2
1216,完完全全,2
1217,过目难忘,2
1228,NAME,2
1230,讲武,2
1248,来瘾,2
1250,细糠,2
1253,便宜,2
1254,前额,2
1263,遭遇,2
1266,小九九,2
1270,表现手法,2
1280,妻子,2
1283,完整性,2
1294,搅,2
1302,审讯,2
1308,回避,2
1311,鱼,2
1315,王致和,2
1317,抽离,2
1318,乡村,2
1328,造型,2
1331,感做,2
1336,一品,2
1339,哪条,2
1342,说不定,2
1346,整些,2
1350,得不到,2
1355,乱来,2
1358,野心,2
1363,点事,2
1364,一c,2
1366,迷糊,2
1370,Ridiculous,2
1373,相谋,2
1376,池子,2
1377,盆里,2
1382,长得,2
1387,观者,2
1394,深深,2
1396,挖掘,2
1397,全,2
1404,张弛,2
1405,琢磨,2
1418,司法,2
1420,血亏,2
1428,这方面,2
1429,长袍,2
1431,崩塌,2
1433,边界,2
1441,转让,2
1451,没个,2
1453,挂,2
1454,极具,2
1460,欠点,2
1461,熨平,2
1465,遗嘱,2
1466,太穷,2
1467,DNA,2
1470,扮猪,2
1472,IP,2
1474,深不可测,2
1483,古典音乐,2
1488,挺差,2
1499,气到,2
1500,爽到,2
1503,导成,2
1504,律师证,2
1505,加彩,2
1540,坐,2
1542,动荡,2
1543,涂鸦,2
1544,碍眼,2
1547,明,2
1553,感太强,2
1554,审王佳芝,2
1556,检查官,2
1571,包场,2
1578,bgm,2
1580,场所,2
1583,意图,2
1586,欠奉,2
1597,读过,2
1600,核实,2
1601,精分,2
1602,冒出来,2
1608,看头,2
1613,韦,2
1618,甘肃,2
1619,杀戮,2
1622,_^,2
1624,进影院,2
1627,那爱,2
1630,投,2
1645,爱上,2
1650,所处,2
1662,一团糟,2
1663,爱程,2
1664,肉骨,2
1667,张,2
1672,那张,2
1674,访谈,2
1685,夷,2
1693,压,2
1694,I,2
1711,过头,2
1724,支离破碎,2
1730,安全隐患,2
1734,苏,2
1739,迂回,2
1742,羸弱,2
1755,希,2
1759,细,2
1761,纯属,2
1766,pose,2
1771,同台,2
1776,暗黑,2
1778,得太差,2
1781,痛快,2
1786,新闻,2
1787,三次,2
1792,边缘,2
1794,难以克服,2
1810,脸毁,2
1812,情侣,2
1814,掉线,2
1821,汐演,2
1827,物质,2
1829,陈述句,2
1832,人群,2
1839,太靠,2
1840,很程,2
1844,讲述者,2
1850,满江红,2
1851,幕后,2
1852,口气,2
1858,于冬,2
1867,成型,2
1871,相隔,2
1875,演艺圈,2
1878,听不懂,2
1881,弦乐,2
1884,意犹未尽,2
1893,周梁演,2
1899,春夜,2
1905,命题,2
1907,影射,2
1908,整饬,2
1921,玩儿,2
1924,以高健,2
1926,打枪,2
1928,挑衅,2
1930,搭进,2
1933,很久没,2
1934,那会,2
1935,冷,2
1937,凄美,2
1938,称之为,2
1944,整起,2
1946,人会,2
1947,聋,2
1950,败絮其中,2
1951,更仆难数,2
1953,年前,2
1958,密集,2
1961,释放,2
1962,污浊,2
1965,成见,2
1967,,2
1970,后辈,2
1974,费用,2
1975,乡土气息,2
1983,完才,2
1987,心气儿,2
1988,算个,2
1995,气场,2
1998,添光,2
2000,拿枪,2
2001,俗吐,2
2008,提倡,2
2012,年度,2
2013,有条理,2
2019,哪有,2
2022,爱奇艺,2
2031,丑女,2
2037,步,2
2039,盯,2
2040,各路,2
2041,太难受,2
2042,长进,2
2043,出个,2
2047,豁出,2
2048,举手投足,2
2049,俗,2
2052,归因,2
2060,罪行,2
2076,Jump,2
2078,满怀,2
2080,王道,2
2085,某种意义,2
2090,翻天,2
2091,更让人,2
2096,2023.3,2
2097,遮羞布,2
2102,爱而活,2
2104,收拾,2
2111,制造悬念,2
2117,霍霍,2
2124,深仇大恨,2
2127,心脏病,2
2128,影视剧,2
2130,声,2
2131,宽,2
2133,答,2
2134,探讨,2
2138,嫁祸,2
2147,震惊,2
2148,弊端,2
2152,注定,2
2157,开庭,2
2171,魂,2
2172,白日,2
2173,世代,2
2174,仪脸,2
2179,谈不上,2
2185,家暴,2
2189,下辈子,2
2191,汐去,2
2193,熊熊,2
2198,笔下,2
2201,前景,2
2202,讲道理,2
2204,独特,2
2217,寒意,2
2219,差口,2
2220,别为,2
2226,不熟,2
2229,什N,2
2231,相干,2
2234,打底,2
2237,画师,2
2241,之後就,2
2250,尼采,2
2252,无理取闹,2
2254,蒙混过关,2
2256,充气,2
2258,想私,2
2267,鲜活,2
2277,跟随,2
2279,含糊,2
2280,评判,2
2286,反D,2
2294,大篇幅,2
2295,借用,2
2299,真理,2
2300,过度,2
2305,应试,2
2309,文学,2
2313,困惑,2
2321,两处,2
2323,文件,2
2326,赚,2
2329,汪先生,2
2332,杀得,2
2335,妄想症,2
2340,致幻,2
2341,全花,2
2343,等级,2
2346,外化,2
2349,客户,2
2351,不得要领,2
2352,种地,2
2355,一浪,2
2362,提醒,2
2366,叔本华,2
2367,遥远,2
2377,身,2
2379,一团,2
2381,无双,2
2405,call,2
2420,取消,2
2424,直观,2
2436,拉高,2
2439,一哭,2
2446,延伸,2
2451,搞不懂,2
2452,亮出,2
2459,F粉,2
2462,串,2
2463,锁,2
2464,改名,2
2468,还成,2
2474,怀有,2
2490,半颗,2
2492,先行,2
2494,繁琐,2
2498,封建礼教,2
2502,图一乐,2
2508,不太可,2
2509,层次感,2
2511,男士,2
2516,周扬变,2
2522,执行力,2
2536,剪接,2
2553,杨俊,2
2554,丢人现眼,2
2556,磁带,2
2560,重接,2
2564,女神,2
2566,掺,2
2568,等待,2
2569,欠缺,2
2579,练,2
2584,太漂亮,2
2586,讲讲,2
2591,首次,2
2594,搭建,2
2597,I,2
2598,路子,2
2600,悠哉,2
2602,令人作呕,2
2609,调节,2
2614,县城,2
2617,蒙太奇,2
2621,迷魂,2
2623,怜悯,2
2627,遍地,2
2633,惊吓,2
2634,彷徨,2
2638,盖,2
2639,映后,2
2643,反省,2
2648,闹市,2
2650,中文,2
2654,拖后腿,2
2655,首播,2
2661,俯视,2
2664,生育能力,2
2665,老张,2
2666,大爱,2
2679,暖文,2
2681,逃班去,2
2683,终将,2
2688,一圈,2
2689,喜爱,2
2692,褒奖,2
2693,胜负,2
2697,三口,2
2713,没算准,2
2714,躲藏,2
2717,跌份,2
2721,雾蒙蒙,2
2726,只手遮天,2
2727,无奇,2
2731,问话,2
2739,服众,2
2750,拍来,2
2752,慢慢,2
2755,我无语,2
2757,揉,2
2759,撒,2
2760,储藏室,2
2761,五分钟,2
2765,小学,2
2766,互助,2
2769,金玉其外,2
2772,剧场,2
2775,首部,2
2780,学过,2
2782,棺材,2
2785,算准,2
2786,法拉,2
2788,推演,2
2793,"""",2
2794,意料之外,2
2796,潜,2
2800,刺杀,2
2804,皱着眉头,2
2807,心累,2
2808,承认,2
2810,包了,2
2818,伤,2
2819,几拨,2
2822,墓地,2
2824,一手,2
2825,没头没脑,2
2828,南辕北辙,2
2830,影e,2
2833,举例,2
2835,靶,2
2837,师父,2
2839,大义,2
2840,甩,2
2842,露出,2
2850,曲折,2
2851,太毁,2
2854,说书,2
2867,女孩子,2
2870,炸,2
2873,疼,2
2875,加烂,2
2882,资金,2
2894,谈,2
2902,满共,2
2905,还接,2
2911,策划,2
2914,吸人血,2
2928,考虑一下,2
2929,狗血淋头,2
2937,掰,2
2940,逐梦,2
2943,行不通,2
2948,柜子,2
2954,不明,2
2958,特俗,2
2961,搬上大,2
2966,室外,2
2967,feel,2
2969,深残,2
2978,谢家,2
2979,部好,2
2980,我俩,2
2981,相^,2
2984,满嘴,2
2988,时而,2
2989,实例,2
2991,异曲同工,2
2993,不多,2
2996,掌控,2
2999,反思,2
3008,自恋,2
3009,战狼,2
3015,一桩,2
3020,另一面,2
3022,连贯,2
3027,难自洽,2
3037,主动,2
3041,斗法,2
3044,围,2
3054,假期,2
3056,惨,2
3063,范,2
3067,如芒在背,2
3077,一夸,2
3079,醪糟,2
3081,干行活,2
3085,偏过,2
3097,过丧,2
3104,未知,2
3107,泛黄,2
3108,广西,2
3110,丢人,2
3115,手持,2
3121,半路,2
3124,哪部,2
3126,25,2
3128,艰难,2
3134,真敢,2
3142,囚禁,2
3146,戏眼,2
3148,酒,2
3155,mv,2
3156,无声,2
3158,追昼,2
3162,每件事,2
3163,凉气,2
3168,煞有介事,2
3173,宣泄,2
3183,高明,2
3185,追凶,2
3191,谋杀案,2
3196,有段,2
3198,老太太,2
3199,更无语,2
3200,撬,2
3201,老同志,2
3203,一家子,2
3208,大白天,2
3211,浇,2
3213,恐怖网,2
3232,影评,2
3233,相依,2
3235,架子,2
3242,主任,2
3252,强暴,2
3265,时机,2
3273,观后感,2
3276,贯穿,2
3277,亿,2
3280,太帅,2
3282,太精彩,2
3283,诸如此类,2
3286,☆,2
3294,私刑,2
3295,想用,2
3300,降维,2
3309,缓解,2
3319,很长,2
3327,代表,2
3330,杀手,2
3335,全洗,2
3336,里奥尔,2
3337,真成了,2
3342,太土,2
3345,差距,2
3349,信息,2
3359,选得,2
3362,厕品,2
3364,热度,2
3366,恶臭,2
3367,快到,2
3368,阴间,2
3371,热情,2
3372,作业,2
3378,保留,2
3381,凌乱,2
3388,简洁,2
3394,中加,2
3402,明德,2
3403,讲好,2
3410,虚晃,2
3416,实体,2
3418,过关,2
3419,可太,2
3420,爆点,2
3424,魅,2
3428,通顺,2
3432,轮胎,2
3433,张静,2
3435,射箭,2
3440,一块,2
3441,中学生,2
3442,缭绕,2
3454,强求,2
3462,夹杂着,2
3463,号召力,2
3466,一会儿,2
3471,无比,2
3486,欲,2
3488,感兴趣,2
3511,没关系,2
3513,跟湾湾,2
3514,栋,2
3515,律,2
3516,诸多,2
3517,着迷,2
3525,包裹,2
3526,体质,2
3528,裹足不前,2
3531,没敢,2
3535,人来,2
3536,橙汁,2
3537,夏薇,2
3538,送到,2
3545,戏撑,2
3547,山水,2
3556,闹剧,2
3557,抗日,2
3558,气死,2
3561,控诉,2
3562,流行,2
3565,心灵鸡汤,2
3570,策,2
3572,赏识,2
3577,代价,2
3582,过分,2
3584,假酒,2
3587,喝过,2
3590,一枪,2
3591,豪宅,2
3593,墓,2
3595,包扎,2
3604,三八节,2
3607,整完,2
3615,提到,2
3616,带入,2
3627,低阶,2
3632,远远,2
3636,底裤,2
3637,二字,2
3640,无法忍受,2
3645,讨巧,2
3646,男朋友,2
3647,来牧,2
3648,选部,2
3649,田调,2
3654,一类,2
3658,拍久,2
3660,首场,2
3675,投资方,2
3676,看作,2
3677,主观,2
3681,毒舌,2
3685,意料中,2
3686,传承,2
3704,遮遮掩掩,2
3725,林珍惠,2
3729,橘色,2
3730,广场,2
3741,惹,2
3749,三板斧,2
3750,争城,2
3753,美工,2
3760,刺入,2
3763,瞪,2
3780,编成,2
3800,干预,2
3808,眉头,2
3810,避雷,2
3811,叹气,2
3818,吸引力,2
3819,染,2
3828,好乱,2
3834,越往后,2
3840,c睛,2
3842,一无是处,2
3847,反讽,2
3851,密闭,2
3853,画,2
3860,若恶,2
3862,提不起,2
3866,喘息,2
3868,行程,2
3871,戏秒,2
3882,放下,2
3885,拿,2
3893,张译,2
3902,长长的,2
3903,深邃,2
3906,地能,2
3910,好于,2
3913,乌漆,2
3916,聒噪,2
3922,∏槠,2
3938,发生地,2
3943,舆论,2
3964,舞,2
3973,讲烂,2
3979,真丝,2
3981,臭豆腐,2
3983,抛弃,2
3984,望穿,2
3988,出其不意,2
3989,倾听,2
3995,逐出,2
3997,cue,2
4000,直球,2
4003,飙戏,2
4005,冒险,2
4006,火里,2
4011,警案,2
4015,三部,2
4024,蛉N,2
4025,张继聪,2
4029,地看,2
4040,报复,2
4041,冲进,2
4042,一身正气,2
4045,台上,2
4046,挺平,2
4049,祖国,2
4058,陈木胜,2
4059,两分钟,2
4060,群,2
4065,条条框框,2
4080,填满,2
4087,今日说法,2
4090,丝光,2
4091,换台,2
4092,弄,2
4094,多人,2
4106,博大,2
4124,进场,2
4144,一,2
4147,大叔,2
4157,奏,2
4159,6.6,2
4171,笨重,2
4181,路人慎,2
4183,力不从心,2
4185,缺失,2
4187,李安,2
4192,票价,2
4196,发自内心,2
4198,学习,2
4204,阻挠,2
4205,平面,2
4211,燥,2
4212,扬名立万,2
4222,不虚此行,2
4226,透过,2
4227,这爹,2
4228,白色,2
4231,有声书,2
4233,同一天,2
4238,是,2
4239,不信,2
4248,勇敢,2
4257,成谜,2
4260,正道,2
4261,大锅,2
4267,缓和,2
4270,时代背景,2
4274,出入,2
4277,杀掉,2
4283,打击,2
4286,撕裂,2
4293,越发,2
4294,流汗,2
4295,祸害,2
4302,理由,2
4308,怪里怪气,2
4309,墨镜,2
4315,不香,2
4316,播,2
4317,部文青,2
4320,拿来,2
4325,隐姓埋名,2
4330,明@,2
4333,悬崖,2
4335,排序,2
4336,湿润,2
4338,白探,2
4344,又整,2
4348,无感,2
4352,缜密,2
4353,优秀作品,2
4355,楼下,2
4357,两面,2
4368,改得,2
4369,崭新,2
4375,mcu,2
4378,第一,2
4382,默认设置,2
4385,多光,2
4388,投机取巧,2
4390,总集,2
4392,也立,2
4397,拿出,2
4398,蹲,2
4399,类型化,2
4403,失误,2
4404,桌上,2
4409,打一星,2
4411,豪门子弟,2
4416,唯二高,2
4427,行事,2
4429,拗,2
4431,演变,2
4432,我愿,2
4435,走近,2
4444,用女,2
4447,很帅,2
4456,回,2
4457,,2
4459,伪劣,2
4465,女尸,2
4469,],2
4475,施展,2
4476,六十岁,2
4481,普普通通,2
4484,脸部,2
4486,烟演,2
4488,黑户,2
4492,归属,2
4494,毛骨悚然,2
4499,带有,2
4509,陪君,2
4510,沉下心,2
4518,国外,2
4523,隐形,2
4529,战争,2
4531,清净,2
4533,熊出没,2
4534,诚不欺,2
4535,版才,2
4536,阿婆,2
4538,看热闹,2
4539,有完没完,2
4540,打转,2
4543,快意,2
4545,包青天,2
4554,挑战性,2
4558,脱裤子,2
4560,大笑,2
4564,贬义,2
4567,正派,2
4570,可恨,2
4571,前接,2
4579,真,2
4582,终究,2
4590,那干哈,2
4591,立体,2
4600,强烈推荐,2
4602,大计,2
4608,根本无法,2
4618,加深,2
4619,应景,2
4623,油,2
4624,脉络,2
4625,不小,2
4631,完屏,2
4636,真诚,2
4637,乖乖,2
4638,暴雨,2
4646,都市,2
4649,混合,2
4650,排名,2
4652,浓缩,2
4661,潜规则,2
4663,房卡,2
4669,男癌,2
4672,衬托,2
4682,文戏,2
4696,人接,2
4700,分成,2
4701,光与影,2
4702,尾巴,2
4718,点解,2
4720,里头,2
4721,小秘书,2
4723,骨架,2
4724,达标,2
4732,有时候,2
4738,飞蛾,2
4742,古天乐,2
4743,这版,2
4744,HE,2
4756,群起,2
4762,他会,2
4764,迅哥,2
4766,凑时长,2
4773,凄凉,2
4774,保罗,2
4777,个人观点,2
4782,硬造,2
4783,本该,2
4789,摧残,2
4791,不如说是,2
4795,行径,2
4798,拆解,2
4805,朵,2
4811,脸儿,2
4812,一角,2
4818,衣柜,2
4826,凑数,2
4827,金钱,2
4832,国民党,2
4840,接近,2
4842,凉,2
4845,众人,2
4854,口语化,2
4856,阴乐,2
4857,S持,2
4866,夹个,2
4867,看明,2
4870,水墨,2
4873,土枪,2
4883,例外,2
4889,两张,2
4895,浓,2
4897,简陋,2
4900,家宅,2
4920,一夜,2
4922,一窝,2
4926,反转来,2
4929,e@些,2
4942,太低,2
4948,送走,2
4949,只装,2
4953,狂,2
4959,收到,2
4962,术业,2
4973,职员,2
4982,本集,2
4985,偏要,2
4999,摸摸,2
5011,十五年,2
5013,当初,2
5014,总有,2
5020,戛然而止,2
5024,百出,2
5028,对错,2
5029,王传一,2
5038,入狱,2
5043,如柯南,2
5046,章子怡,2
5048,怒海,2
5052,伤痛,2
5054,负责,2
5069,超乎,2
5083,无疾而终,2
5089,吸钱,2
5093,压倒,2
5107,犹犹豫豫,2
5118,一下子,2
5127,家居,2
5130,溃败,2
5143,矍,2
5147,不太好,2
5154,真身,2
5157,敏感,2
5164,总体而言,2
5167,实力派,2
5168,领域,2
5178,预判,2
5185,想象力,2
5191,志怪,2
5192,代际,2
5200,3.12,2
5201,狐,2
5213,景点,2
5216,真实感,2
5220,就够,2
5223,低劣,2
5226,旧,2
5227,淡淡的,2
5230,假死,2
5234,拼成,2
5235,棍,2
5240,哪e,2
5241,最爽,2
5242,猜测,2
5243,游移,2
5247,元朗,2
5266,爸爸,2
5274,供述,2
5279,特,2
5280,指向,2
5282,全家,2
5287,cheat,2
5291,脑芝,2
5295,概括,2
5304,有气无力,2
5313,飞虎队,2
5318,引子,2
5329,叫小美,2
5339,都还没,2
5348,墙头,2
5350,穿帮,2
5351,踏踏实实,2
5355,不差,2
5358,文化差异,2
5359,妨碍,2
5360,长时间,2
5364,素描,2
5374,塑料,2
5384,抓壮丁,2
5389,避,2
5396,翻,2
5397,约,2
5398,视点,2
5400,满仇,2
5402,故作高深,2
5404,平时,2
5407,健在,2
5413,火候,2
5417,提出,2
5418,挣钱,2
5421,剪碎,2
5422,冷漠,2
5425,总让,2
5431,加高,2
5432,平均水平,2
5434,爽感,2
5436,尊重,2
5442,可看性,2
5456,水源,2
5458,花架子,2
5460,偶像剧,2
5462,盗墓贼,2
5464,宅邸,2
5467,,2
5468,干掉,2
5472,二三十岁,2
5473,敌视,2
5485,剧变,2
5486,叶硕,2
5492,对线,2
5504,在乎,2
5510,磨磨,2
5514,大特写,2
5518,接连,2
5526,2022.6,2
5530,插曲,2
5531,相像,2
5533,局限性,2
5536,跳海,2
5537,姐,2
5538,荒野,2
5549,信笺,2
5556,回去,2
5569,悲怆,2
5574,灵位,2
5599,活人,2
5601,情,2
5606,理解能力,2
5614,强制,2
5615,重回,2
5620,羊入虎口,2
5624,一线,2
5630,受众,2
5634,取其,2
5638,日语,2
5640,反噬,2
5642,来源于,2
5643,控辩,2
5648,再画,2
5660,压迫感,2
5661,鬼魂,2
5664,脸盲,2
5677,末,2
5684,心酸,2
5687,继,2
5690,耐人寻味,2
5692,solo,2
5693,妖魔,2
5708,大众,2
5709,得来,2
5714,∏,2
5723,抄手,2
5727,好尬,2
5728,大哥,2
5732,打造,2
5735,疏离,2
5739,较差,2
5740,第二个,2
5742,尘封,2
5743,这位,2
5748,拍电影,2
5749,春晚,2
5751,坚挺,2
5756,世纪末,2
5759,港剧,2
5766,空角,2
5767,跨文化,2
5768,中邪,2
5772,支线,2
5774,据点,2
5775,稍显,2
5776,三流,2
5777,人昆,2
5778,女方,2
5780,不出,2
5798,扣一星,2
5808,,2
5810,Y果,2
5820,组合,2
5824,脱离现实,2
5827,良知,2
5830,睿智,2
5831,我国,2
5832,辽阔,2
5835,九十年代,2
5836,r,2
5837,揍,2
5847,以人为本,2
5848,缺憾,2
5849,三幕,2
5852,c]有,2
5853,浪漫,2
5854,易懂,2
5855,高跟鞋,2
5856,动感,2
5858,王一博搁,2
5860,游泳,2
5863,错愕,2
5865,渐增,2
5883,96,2
5884,芭蕾舞,2
5886,难懂,2
5889,施善,2
5892,胡可倒,2
5897,慌,2
5908,陈仪,2
5922,缥缈,2
5931,热播,2
5932,一大堆,2
5943,活动,2
5944,九十分钟,2
5947,终归是,2
5949,陈小姐,2
5954,费列罗,2
5959,作案动机,2
5962,底子,2
5963,不适,2
5966,观后,2
5973,小孩,2
5981,心底,2
5991,娱乐性,2
5992,歪头,2
5994,牵扯,2
5995,有底,2
5998,好人,2
6004,相符,2
6007,难安,2
6009,迫不及待,2
6013,看朴,2
6017,伤口,2
6027,艺术片,2
6029,心掏,2
6034,神话,2
6038,手,2
6040,糕点,2
6051,溜进,2
6052,光影,2
6056,中尬,2
6060,大有可为,2
6065,炒作,2
6067,山,2
6069,亚式,2
6070,70,2
6085,第二天,2
6086,不太准,2
6091,同层,2
6099,打光,2
6111,要接,2
6116,出自,2
6117,各来,2
6124,无脑,2
6127,法医,2
6129,耍酒疯,2
6133,观念,2
6134,叛变,2
6135,汐衬,2
6140,通篇,2
6141,大改,2
6143,影o,2
6144,打了个,2
6146,腕表,2
6148,回家吧,2
6154,电脑,2
6169,娱乐,2
6170,奥特曼,2
6171,回溯,2
6174,先叫,2
6175,病态,2
6177,改进,2
6179,自作聪明,2
6181,热闹,2
6185,四处,2
6187,百相,2
6196,扔,2
6198,录音,2
6210,那幢,2
6220,男演员,2
6226,骗钱,2
6232,讨厌,2
6238,定格,2
6239,sir,2
6252,f家x,2
6255,爱意,2
6259,拖下水,2
6260,招魂,2
6270,坐立,2
6288,人心悦诚服,2
6290,正常人,2
6291,精心设计,2
6293,兴奋,2
6296,劝,2
6297,一桌,2
6301,治,2
6305,器物,2
6316,烂尾,2
6318,严丝合缝,2
6319,舞姿,2
6327,不大行,2
6331,别加,2
6333,口述,2
6334,警官,2
6335,嗦,2
6338,急促,2
6340,搬演,2
6347,王一,2
6355,折射,2
6358,吵架,2
6366,互文,2
6368,人情味,2
6377,错选,2
6382,迷区,2
6383,离席,2
6384,修改,2
6386,男哭,2
6387,摆置,2
6388,各类,2
6394,国家,2
6396,源头,2
6399,过招,2
6411,民宿,2
6416,都,2
6419,定位,2
6422,余地,2
6424,无人,2
6427,横店,2
6433,白片,2
6436,梅龙镇,2
6441,程耳是,2
6442,螳螂捕蝉,2
6444,夹,2
6458,天道,2
6476,穿梭,2
6480,危机,2
6493,崩坏,2
6498,演谍,2
6499,镜像,2
6500,底线,2
6504,生怕,2
6511,高举,2
6514,侦破,2
6518,拙劣,2
6519,明摆着,2
6522,中毒,2
6523,彰显,2
6526,不去,2
6530,场子,2
6544,阵容,2
6556,重拍,2
6561,一把,2
6562,出众,2
6563,荒谬,2
6571,脱氧核糖核酸,2
6574,狠劲,2
6578,美丽,2
6580,叹息,2
6582,温馨,2
6585,打成,2
6588,医院,2
6597,修罗场,2
6599,链子,2
6608,灰,2
6613,纠葛,2
6617,犯人,2
6623,雾气,2
6626,书,2
6629,没意思,2
6632,综合,2
6638,4,2
6640,国配,2
6641,体制,2
6645,有用,2
6651,股价,2
6661,强于,2
6662,从何而来,2
6666,成绩,2
6670,要叶,2
6671,之多,2
6673,很烂,2
6674,完司,2
6680,惧怕,2
6682,拎,2
6683,殆尽,2
6687,演技派,2
6689,平庸之辈,2
6699,着眼于,2
6703,没招,2
6706,司法考试,2
6712,鱼眼,2
6713,在内,2
6721,佣人,2
6737,山寨,2
6738,明天,2
6741,喘,2
6744,种,2
6748,以此,2
6755,霸占,2
6763,发迹,2
6766,嘴巴,2
6767,比毒,2
6768,庭院,2
6773,腹,2
6789,称道,2
6792,替身,2
6794,读懂,2
6795,太太,2
6798,请个,2
6804,没头没尾,2
6805,能到,2
6806,冲刷,2
6811,法院,2
6812,因地制宜,2
6816,高健关,2
6817,UA,2
6819,之恋,2
6826,遭受,2
6835,妈,2
6839,革命,2
6841,太少,2
6847,细谈,2
6849,整天,2
6858,邻座,2
6860,rnm,2
6862,食,2
6863,挖出,2
6866,傻女,2
6871,心魔,2
6873,法子,2
6878,狗屁不通,2
6882,放火,2
6892,主人公,2
6894,无可挑剔,2
6900,害,2
6905,抓取,2
6909,邓家佳,2
6914,一本,2
6916,鸡贼,2
6919,非打,2
6921,soulmate,2
6927,26,2
6930,网大能,2
6932,景瑜,2
6934,情报,2
6940,太糙,2
6945,昨天,2
6957,看不上,2
6965,精神分裂,2
6969,使大,2
6974,关照,2
6978,措手不及,2
6982,石头,2
6983,菜,2
6986,检查,2
6989,电影界,2
6990,呐喊,2
6994,解体,2
7008,真人,2
7013,偏颇,2
7026,够味儿,2
7031,会谢,2
7043,带给,2
7044,反杀,2
7055,串起,2
7056,驱逐,2
7065,地板,2
7066,骨相,2
7086,诉说,2
7088,被盗,2
7096,傍身,2
7098,转录,2
7099,虚妄,2
7102,脱节,2
7107,天天,2
7108,岁月,2
7109,剧团,2
7110,退步,2
7118,拼,2
7121,薄情郎,2
7124,money,2
7125,引以为傲,2
7154,岁,2
7165,全怪,2
7168,不寒而栗,2
7169,聚焦,2
7175,靠拢,2
7176,细部,2
7179,知识,2
7181,歌谣,2
7189,听不清,2
7193,五,2
7205,实际上,2
7210,露迹,2
7216,奉俊昊,2
7218,挽尊,2
7219,高分,2
7221,风笛,2
7223,Scare,2
7228,早已,2
7229,草率,2
7236,转向,2
7239,第一场,2
7247,二叔,2
7251,洒落,2
7261,局限,2
7262,专攻,2
7267,大不一样,2
7270,配套,2
7276,闷,2
7279,不能不要,2
7282,感谢,2
7285,推拉,2
7286,侧脸,2
7288,概览,2
7300,收声,2
7303,脾气,2
7305,黄豆,2
7318,烂戏,2
7327,喜,2
7328,后景,2
7334,滥情,2
7337,孤儿院,2
7345,未满,2
7350,草草了事,2
7351,军官,2
7354,刚生,2
7356,旧时代,2
7360,松垮,2
7370,站不住脚,2
7373,叶,2
7376,气出,2
7379,南京,2
7385,宣发,2
7388,短板,2
7389,找准,2
7399,介入,2
7400,人去,2
7401,怪,2
7402,单说,2
7405,告白,2
7406,搭,2
7407,背一,2
7412,活下去,2
7413,唤醒,2
7417,胜任,2
7419,烟消云散,2
7422,漩涡,2
7424,之音般,2
7425,氐,2
7426,论理,2
7429,女管家,2
7430,留,2
7432,能播,2
7434,收一收,2
7439,仪式,2
7442,恶女,2
7448,刚看,2
7449,绕来,2
7451,作祟,2
7453,50,2
7455,忘记,2
7456,无厘头,2
7460,儿歌,2
7465,点儿,2
7468,法律制裁,2
7471,奥,2
7474,blueglass,2
7480,坐标,2
7481,整笑,2
7487,太爽了,2
7488,顽强,2
7492,小妞,2
7493,不谈,2
7495,长篇,2
7497,进化,2
7499,轻飘飘,2
7502,烧疤,2
7504,身L,2
7505,有度,2
7514,内心独白,2
7524,砸碎,2
7536,奥菲莉,2
7543,挣,2
7544,酸奶,2
7545,智力,2
7549,警检,2
7554,开着,2
7558,吓了一跳,2
7567,满满的,2
7568,尺寸,2
7575,详细,2
7576,婊,2
7583,有待,2
7585,喧宾夺主,2
7588,意林,2
7596,广电,2
7599,启事,2
7602,顶楼,2
7605,绿帽,2
7609,别墅,2
7617,凭着,2
7621,长远,2
7628,果不其然,2
7633,比日版,2
7640,衬衫,2
7641,鬼吹灯,2
7646,少于,2
7647,敬业,2
7648,毒战,2
7651,甚似,2
7657,三岁,2
7661,要乱,2
7666,爽快,2
7670,_到,2
7671,,2
7675,本土化,2
7678,集中地,2
7685,手里,2
7687,九龙,2
7689,能破,2
7691,先锋派,2
7692,很妙,2
7695,藏得,2
7696,谜团,2
7702,门槛,2
7711,DM,2
7712,凶杀,2
7716,叔,2
7720,想二刷,2
7721,具体表现,2
7723,迟到,2
7724,下载,2
7725,自命不凡,2
7727,掏,2
7731,如鲠在喉,2
7747,远方,2
7750,胜利,2
7755,观音,2
7759,派,2
7764,方礼信,2
7766,谄媚,2
7767,高手,2
7768,造就,2
7770,S之,2
7772,伏罪,2
7776,果然如此,2
7785,台灯,2
7787,交错,2
7792,暴露出,2
7794,思君,2
7796,恩,2
7799,大俗,2
7811,互换,2
7817,任姐,2
7824,思念,2
7826,镇,2
7843,梦境,2
7846,惨烈,2
7849,美中,2
7855,行,2
7857,疑凶,2
7858,交给,2
7859,正脸,2
7862,白领,2
7865,吴昊辰,2
7866,四段,2
7869,很难说,2
7873,牙痒痒,2
7885,惊天,2
7888,丈夫,2
7895,老天爷,2
7896,老虎,2
7898,太空,2
7900,稀松,2
7904,,2
7916,保,2
7930,口供,2
7934,天使,2
7936,断桥,2
7940,错位,2
7941,咖的,2
7946,狂泻,2
7951,文档,2
7960,方向,2
7961,黑色,2
7962,憋,2
7964,侦,2
7972,巡逻,2
7974,抄成,2
7975,脖子,2
7984,羡慕,2
7985,自作自受,2
7991,花得,2
7992,调教,2
7996,7788,2
7998,吓一跳,2
8004,猿,2
8009,反赖,2
8011,摩擦,2
8014,看望,2
8020,重金属,2
8022,阴沉,2
8024,突如其来,2
8027,管够,2
8031,仇片,2
8033,韩系,2
8037,仔想,2
8039,宰,2
8041,六亲不认,2
8045,xxx,2
8049,洗,2
8062,城,2
8070,架,2
8071,白银,2
8072,斗争,2
8073,错失,2
8074,肩膀,2
8076,庞大,2
8080,主办,2
8081,巧克力,2
8094,气力,2
8095,陪,2
8104,块钱,2
8105,分明,2
8111,很重,2
8112,复杂性,2
8114,美国,2
8115,降温,2
8116,拐弯抹角,2
8124,误入,2
8131,嘉峪关,2
8132,林慧贞图,2
8135,祝福,2
8140,大小,2
8141,降神,2
8154,名状,2
8159,园林建筑,2
8162,后台,2
8164,村里,2
8166,哀册,2
8169,专,2
8170,不忍,2
8173,勾连,2
8181,入场,2
8193,土壤,2
8195,漂,2
8198,低于,2
8204,翻车,2
8208,鼠,2
8227,摔打,2
8233,混球,2
8235,7.3,2
8239,全新,2
8240,戛纳,2
8242,登西,2
8245,陈国生,2
8248,转角,2
8249,交织,2
8250,每c,2
8261,全纸,2
8272,风险,2
8277,脚,2
8283,敬仰,2
8284,面,2
8289,1991,2
8301,片方,2
8306,谈恋爱,2
8312,似,2
8313,补充,2
8319,感慨,2
8320,亢奋,2
8322,泄气,2
8323,简介,2
8334,癖,2
8338,火拼,2
8344,凶,2
8345,近景,2
8350,对沉,2
8370,一顿,2
8371,想当,2
8377,三大,2
8379,绝美,2
8381,看多,2
8382,茶,2
8384,聊,2
8386,阴阳,2
8387,话题,2
8394,睡觉,2
8397,门框,2
8398,爱惜羽毛,2
8409,人体,2
8410,掏钱,2
8415,没提,2
8419,一环,2
8423,16,2
8428,宣读,2
8434,直出,2
8437,小日子,2
8456,索然无味,2
8463,失,2
8475,嫌疑犯,2
8477,不伦不类,2
8480,之易,2
8485,不信邪,2
8495,判定,2
8497,手指头,2
8509,折腾,2
8510,名著,2
8516,贺泉,2
8519,收,2
8521,实锤,2
8524,带不动,2
8532,悠远,2
8536,逗,2
8539,生们,2
8543,结看,2
8545,绳之以法,2
8548,猴子,2
8557,德地,2
8560,不顺,2
8568,品种,2
8576,一副,2
8584,挖掘出,2
8589,大声,2
8592,二嫂,2
8597,终,2
8615,表扬,2
8624,愈发,2
8627,缩成一团,2
8629,弱到,2
8634,277,2
8644,那件,2
8645,便,2
8646,有伤,2
8648,录像厅,2
8652,产,2
8657,百态,2
8658,浮出,2
8662,难过,2
8663,太会,2
8665,松弛,2
8674,光顾,2
8677,连个,2
8679,纸片,2
8680,尽心,2
8688,郭敬明,2
8689,星一人,2
8692,填,2
8694,大型,2
8695,搞个,2
8698,受骗,2
8701,友,2
8702,日记本,2
8711,然後,2
8718,心事重重,2
8724,咬,2
8734,赞郁,2
8737,黄雀在后,2
8742,攻击,2
8746,逼真,2
8748,全程无,2
8749,三代,2
8759,苏格兰,2
8764,下能,2
8774,ps,2
8778,台~,2
8790,月,2
8791,薄,2
8795,几刻,2
8800,M行,2
8807,水里,2
8809,吃力,2
8814,身处,2
8826,哆嗦,2
8829,Y合,2
8835,不可思议,2
8839,成就,2
8840,违背,2
8845,忽视,2
8871,越做越,2
8872,高喊,2
8881,变奏,2
8882,拉低,2
8886,大于,2
8889,奥迪,2
8894,奋斗,2
8895,跟踪,2
8900,幸运,2
8904,Y,2
8905,点心,2
8915,胡编,2
8918,赚钱,2
8934,谈吐,2
8948,缓慢,2
8950,焰火,2
8951,洁净,2
8952,模样,2
8955,陷害,2
8961,女超人,2
8964,沙溢,2
8966,拥抱,2
8970,看爽,2
8972,被害,2
8973,审,2
8981,来源,2
8993,枷锁,2
9000,血流,2
9009,废戏,2
9017,傻缺,2
9021,池中,2
9032,最骚,2
9033,痛,2
9035,本,2
9039,尽失,2
9045,一处,2
9048,大热,2
9061,奇特,2
9072,极强,2
9074,穿着,2
9080,关怀,2
9088,6.2,2
9091,忧伤,2
9099,封信,2
9101,分离,2
9102,迷局,2
9113,行政,2
9114,露肤,2
9116,错爱,2
9119,巨婴,2
9125,逻辑关系,2
9129,延t,2
9136,之果,2
9144,露怯,2
9147,飘着,2
9150,毫无关系,2
9156,寻光,2
9166,侦探,2
9167,北电,2
9184,太拉垮,2
9186,门外汉,2
9187,不当,2
9188,别戴,2
9194,敷衍,2
9195,支棱,2
9203,勇气,2
9204,合理性,2
9205,观阅,2
9207,最K,2
9212,〈,2
9222,痛苦,2
9224,德语,2
9227,一百年,2
9230,1.5,2
9232,视觉效果,2
9234,春天,2
9250,密实,2
9251,味如嚼蜡,2
9256,｜,2
9260,到时候,2
9264,伸张正义,2
9272,电影票房,2
9276,卖力,2
9279,三十六,2
9280,夫妻俩,2
9287,出路,2
9291,审美疲劳,2
9294,潘粤明,2
9296,没算,2
9298,吻,2
9306,势力,2
9314,突破,2
9318,失衡,2
9319,阶段性,2
9321,这无语,2
9325,禁闭,2
9339,好几亿,2
9346,几段,2
9347,word,2
9349,拓宽,2
9363,人比,2
9364,迅要,2
9369,冷酷无情,2
9376,女朋友,2
9400,索命,2
9401,两条线,2
9407,捋,2
9409,拉屎,2
9418,打个,2
1,地球,1
6,太散,1
7,教育片,1
10,我泪点,1
11,要生,1
12,俱佳,1
13,躲避,1
14,徒步,1
15,没见,1
19,群星,1
21,出品,1
22,以身,1
25,生编,1
26,艺术创作,1
27,下狠手,1
30,国家级,1
31,家贼,1
32,店,1
34,一匹,1
38,大是大非,1
41,铺,1
42,摄像,1
43,百花,1
45,会上,1
46,v述,1
49,事无巨细,1
50,掉入,1
53,骂骂咧咧,1
54,苏可,1
55,进展,1
60,敌人,1
63,少得,1
67,绝望,1
68,紧皱,1
73,图书馆,1
74,挤压,1
75,一遇,1
76,认清形势,1
78,豆子,1
79,吉利,1
80,收养,1
81,放开,1
82,皱起,1
83,一决,1
84,窥,1
86,判断力,1
88,欠债,1
89,壁纸,1
91,路上,1
93,＋,1
94,机长,1
95,很赞,1
99,废烟,1
101,奶笑,1
102,..,1
106,鸡皮疙瘩,1
107,虚幻性,1
109,磨灭,1
110,夺取,1
113,公诉人,1
118,连续剧,1
119,唱出来,1
121,阐释,1
122,倒转,1
123,回魂夜,1
127,烧伤,1
131,远比,1
132,完爆,1
133,走进,1
135,我迅,1
138,黑处,1
139,有头有尾,1
141,易,1
145,险恶,1
146,大,1
150,窝里,1
153,实录,1
158,快捷,1
159,胡说八道,1
160,自导,1
162,https,1
163,词在,1
166,妖艳,1
167,堆,1
168,破局,1
170,沉重,1
171,只缘身,1
172,初衷,1
177,慢条斯理,1
178,杂汇,1
179,善,1
180,在谍,1
181,要案,1
185,博纳,1
186,无案,1
188,在我看来,1
190,女一,1
193,撞击,1
194,爱恋,1
195,甘拜下风,1
197,madam,1
198,拉远,1
199,反击,1
202,雨水,1
203,倾三人,1
207,略慢,1
210,分往,1
213,下巴,1
218,转折点,1
219,题目,1
222,配不上,1
223,透支,1
224,昨晚,1
225,忠骨,1
229,太满,1
230,比麦兆辉,1
231,揪心,1
234,job,1
236,布局,1
238,为首,1
239,影视圈,1
240,优缺点,1
242,重放,1
246,杜,1
251,隐忍,1
255,五百米,1
257,胯,1
260,抗战时期,1
261,核w,1
262,职前,1
263,5.7,1
266,饱满,1
269,双眼,1
274,路过,1
277,弱化,1
278,头七,1
280,一上,1
281,大作,1
283,此前,1
286,一回,1
289,鬼魅,1
290,朔,1
292,痛心,1
295,鬼保,1
298,呼吸,1
302,不约而同,1
304,网大要,1
305,歌声,1
306,拓展,1
309,更高,1
311,最让人,1
313,耳导,1
319,麦兆辉会,1
320,渐远,1
321,F,1
322,讽人,1
323,我造,1
326,看一遍,1
327,编写,1
333,侦探片,1
335,起源,1
337,桎梏,1
338,加害,1
339,轻落,1
340,拉锯,1
341,凉薄,1
344,暗流,1
345,爱情片,1
347,比例,1
349,斥责,1
352,篇章,1
353,胃口,1
357,看且,1
358,独树一帜,1
363,PK,1
365,一干二净,1
366,蜂,1
367,好吃懒做,1
368,警局,1
369,张狂,1
370,这一,1
371,总评,1
373,找补,1
376,层层加码,1
383,牺牲,1
384,直觉,1
388,情谊,1
389,掷地有声,1
391,不单是,1
393,差评,1
394,公职人员,1
399,父权制,1
400,嘴里,1
402,木,1
403,睡不着,1
405,兵马俑,1
406,比上,1
408,费解,1
409,发病,1
410,自由恋爱,1
411,一新,1
413,耿耿于怀,1
414,埋得,1
415,二百五,1
418,雾水,1
419,转来,1
420,半部,1
421,揪出,1
422,捉妖,1
423,陆产,1
424,调,1
425,止步不前,1
426,勾勒,1
427,资本家,1
428,全集,1
430,球,1
431,正式,1
432,请求,1
433,报名,1
435,有名,1
436,梅莉,1
439,众口烁金,1
440,后作,1
443,耍贫,1
447,灵光,1
448,兼顾,1
450,配方,1
451,人工,1
452,悲悯,1
453,目击,1
455,打游戏,1
457,@N,1
460,,1
463,制片人,1
470,得用,1
471,星是,1
473,痛点,1
475,永存,1
476,遥不可及,1
480,可说,1
486,亲人,1
487,一派,1
492,等于零,1
495,陈怡,1
499,为生,1
501,那部,1
504,有,1
506,海默症,1
509,夜河,1
512,三十年,1
513,火油,1
515,妻,1
516,替换,1
519,魑魅魍魉,1
520,更添,1
521,集大成,1
527,Die,1
528,柳浪闻莺,1
529,运转,1
530,拍过,1
531,分不清楚,1
535,结论,1
536,丧心病狂,1
537,颠覆,1
541,出嫁,1
547,多o知,1
549,29,1
550,旧船,1
551,福利,1
552,观塘,1
555,巨响,1
560,二刷,1
562,深处,1
563,但胜,1
564,单看,1
567,套用,1
568,怎么着,1
569,四大,1
570,青年,1
571,有条不紊,1
573,踏血,1
577,素人,1
578,大秧歌,1
581,携手,1
582,费功夫,1
584,坚定,1
585,失望透顶,1
587,叹,1
592,小胖,1
595,孤家寡人,1
598,志愿,1
601,三四流,1
603,b23,1
607,原型,1
608,助攻,1
614,找回,1
615,信仰,1
617,风趣,1
619,装载,1
620,珍贵,1
621,整,1
622,每条,1
623,较完整,1
626,环节,1
632,误会,1
635,上船,1
636,治病,1
638,之因,1
640,鞭挞,1
646,另起炉灶,1
649,自留地,1
652,训练班,1
653,势头,1
654,显,1
656,光华,1
660,八字,1
661,老道,1
666,酒色财气,1
667,埋藏,1
668,扶弟,1
670,额太,1
673,败坏,1
674,重现,1
676,崇高,1
677,邪气,1
679,里算,1
682,汉斯,1
683,害人,1
684,得港,1
685,会来,1
687,最难,1
691,小个,1
699,五五分,1
700,帮忙,1
705,中足,1
707,尽情,1
708,形而上,1
711,窄,1
712,年龄,1
715,教育,1
716,温床,1
717,偏离,1
719,侧写,1
720,填补空白,1
722,最不出,1
725,追究,1
728,以卖,1
729,狐有,1
732,锤,1
734,成乐色,1
735,而生,1
736,光靠,1
739,倒数,1
743,立来,1
744,艺术家,1
745,弄点,1
748,万幸,1
749,怒,1
751,刨出来,1
752,看穿,1
754,近些年,1
755,17,1
757,堵死,1
761,管治,1
768,倒映,1
771,苍白,1
772,玩闹,1
777,抬轿,1
778,很久以前,1
783,揭穿,1
785,铺排,1
786,间谍,1
787,}材,1
789,连串,1
791,辩驳,1
794,这本,1
797,真真实实,1
800,比林,1
805,七七八八,1
806,大正,1
808,演狠人,1
809,极化,1
810,码,1
811,二女,1
815,把握,1
816,杀猪刀,1
817,机构,1
820,午休,1
823,一架,1
824,王一博有,1
825,王一博能,1
827,等同,1
829,忘形,1
830,埋葬,1
831,尊敬,1
832,掂量,1
833,卷进,1
834,不决,1
835,何来,1
836,kol,1
840,精气神,1
841,无不,1
842,掩饰,1
844,铜铃,1
846,啃掉,1
851,浓妆艳服,1
852,汗水,1
854,归入,1
856,怀旧,1
860,戴着,1
865,再续,1
869,因成,1
870,盖住,1
874,权势,1
875,传成,1
880,效仿,1
881,爱与恨,1
882,晚上,1
884,颓势,1
885,最惨,1
889,梅艳芳,1
891,后世,1
892,份儿,1
893,视而不见,1
896,恶意,1
903,跟上,1
911,发言,1
912,强度,1
916,大腿,1
917,诡计,1
920,出租车,1
923,比人,1
925,开来,1
928,无名之辈,1
929,反面典型,1
931,本意,1
932,相传,1
934,打满,1
937,大户人家,1
939,神魔,1
943,戏子,1
944,sha,1
947,疲劳,1
948,扭曲,1
949,忘得,1
950,关头,1
955,空有,1
958,陈案,1
960,师徒,1
962,剪切,1
964,真让人,1
966,活儿,1
967,令人信服,1
968,btw,1
970,剪散,1
971,反衬,1
972,急眼,1
975,xx,1
979,大街,1
982,常用,1
983,用光,1
984,画画,1
986,有没有,1
987,口中,1
989,知识分子,1
990,关了,1
991,号脉,1
993,带路,1
994,戏爽,1
995,上下水,1
997,内战,1
998,妈强,1
1000,佬,1
1001,枪来,1
1003,牵出,1
1005,忍,1
1013,狂乱,1
1014,寻访,1
1017,咋呼,1
1019,撒线,1
1020,言说,1
1021,@”,1
1023,放网,1
1026,信手拈来,1
1027,化身,1
1028,拖拽,1
1030,黎明,1
1032,插花,1
1033,于无声处,1
1036,我累,1
1037,神片,1
1038,试着,1
1039,声光电,1
1040,乔府,1
1041,小妹妹,1
1044,续集,1
1045,秦明,1
1046,依旧会,1
1049,罪恶感,1
1051,聪明绝顶,1
1058,淡影处,1
1059,止,1
1060,不活,1
1062,流莺,1
1063,PO,1
1065,料到,1
1066,如乱,1
1067,老麦,1
1069,好少,1
1070,雨中,1
1071,工,1
1072,神功,1
1075,全情,1
1076,会心一笑,1
1078,妖女,1
1081,很久,1
1082,惊呆,1
1083,半场,1
1084,含混不清,1
1088,心目,1
1089,规矩,1
1090,勇,1
1091,入,1
1094,人个,1
1096,骗得,1
1097,凶案,1
1099,成亲,1
1102,经典影片,1
1103,知恩,1
1104,分外,1
1107,I域,1
1110,追惯,1
1112,鲸鱼,1
1115,quan,1
1117,逊,1
1118,第二层,1
1120,在意,1
1122,养恩,1
1125,低语,1
1126,多虑,1
1127,加持,1
1129,少一星,1
1131,奸商,1
1132,公交车,1
1133,人心难测,1
1134,女警,1
1138,,1
1140,禁片,1
1141,毁灭,1
1143,女配,1
1146,11,1
1147,爱人,1
1148,真真假假,1
1149,一天到晚,1
1152,歇歇,1
1153,有始有终,1
1155,私心,1
1156,卸去,1
1159,招供,1
1162,火爆,1
1163,逗比,1
1166,肥肉,1
1169,体会,1
1170,纯白,1
1171,假冒,1
1173,噶,1
1174,,1
1178,死人,1
1179,慢吞吞,1
1183,性质,1
1184,逗笑,1
1185,漂流,1
1190,前后矛盾,1
1198,陀螺,1
1199,十九年,1
1200,很满,1
1201,整村,1
1203,闭口,1
1205,文艺工作者,1
1207,国恐,1
1208,散去,1
1209,剩伟仔,1
1210,道g,1
1212,快得,1
1214,s,1
1219,未能,1
1220,戏剧化,1
1221,礼,1
1222,廖凡,1
1223,格,1
1224,听听,1
1225,生怖,1
1226,在此之前,1
1227,试想,1
1229,玩得,1
1231,,1
1232,H,1
1233,客忘返,1
1234,禁不住,1
1235,穷山恶水,1
1236,死心塌地,1
1238,白痴,1
1241,老年人,1
1242,采访,1
1243,y造,1
1244,意想不到,1
1246,很港,1
1247,谈话,1
1249,开脱,1
1251,法之法,1
1252,O,1
1256,能带,1
1258,幸亏,1
1261,逐层,1
1262,与生俱来,1
1271,vip,1
1273,6.9,1
1276,马身,1
1278,全知,1
1279,曾志伟,1
1281,耳熟能详,1
1282,名号,1
1284,明喻,1
1286,隐在,1
1289,收音,1
1290,某人,1
1291,女特工,1
1293,纹,1
1298,载,1
1299,调查取证,1
1300,弑父,1
1301,俯拍,1
1303,涌动,1
1305,淋漓,1
1306,追寻,1
1307,戾,1
1309,左翼,1
1312,又名,1
1313,光束,1
1314,新片,1
1316,股,1
1320,神级,1
1321,金刚,1
1322,翻到,1
1323,娱,1
1325,民族舞,1
1326,共享,1
1327,云里雾里,1
1332,流传,1
1333,得罪,1
1335,拼命,1
1337,游,1
1338,自导自演,1
1340,其内,1
1341,成神,1
1343,叠叠,1
1344,败于,1
1345,片面,1
1347,烂烂,1
1348,＜,1
1349,民谣,1
1351,差来,1
1353,我亡,1
1354,居,1
1356,下滑,1
1359,套装,1
1360,颠倒,1
1361,考古学,1
1367,黑话,1
1371,一班,1
1372,底色,1
1374,粗俗,1
1375,娓娓道来,1
1378,无从谈起,1
1379,参考,1
1381,无神,1
1383,珍贵文物,1
1384,动手动脚,1
1385,旧都,1
1386,喉,1
1388,沙尔汗,1
1389,无耻,1
1391,几重,1
1395,22,1
1398,弦,1
1400,当老,1
1401,几股,1
1403,几天,1
1406,太平,1
1407,寒战,1
1409,下里,1
1413,得太多,1
1416,a影,1
1417,颠倒黑白,1
1419,够呛,1
1423,坐镇,1
1424,午夜,1
1426,假扮,1
1430,锅炖,1
1432,三张,1
1434,在场,1
1436,淡淡,1
1437,一个萝卜一个坑,1
1438,适意,1
1440,僧,1
1442,紧密性,1
1443,天命,1
1444,奋力,1
1445,这点儿,1
1446,令人感动,1
1448,流程化,1
1449,寓意,1
1450,o,1
1452,高中生,1
1455,旗鼓相当,1
1456,一段时间,1
1457,按头,1
1459,景观,1
1462,四九年,1
1463,衰退,1
1464,罗曼,1
1468,一声,1
1471,别怪,1
1473,德禄,1
1478,差得,1
1479,调查者,1
1480,黄衣,1
1481,10186,1
1482,渗透到,1
1485,牌局,1
1486,当差,1
1487,刚来,1
1489,编导,1
1490,一文,1
1491,不起,1
1493,停下来,1
1494,流民,1
1496,东飘西荡,1
1498,疲惫,1
1501,浮现,1
1502,基线,1
1507,超密,1
1508,匀,1
1509,巴莱,1
1510,运动,1
1511,妖邪,1
1514,博,1
1515,爱过,1
1517,6.8,1
1518,声泪俱下,1
1520,身边,1
1521,back,1
1523,如出一辙,1
1525,祭天,1
1526,急忙,1
1528,格式,1
1530,非常容易,1
1531,qj,1
1532,不安,1
1533,脑海中,1
1535,自不必说,1
1536,一档,1
1537,1.25,1
1538,安心,1
1539,战斗力,1
1541,此身,1
1545,聊天,1
1548,好感度,1
1550,裙子,1
1551,王和伟,1
1552,怀念,1
1555,上钩,1
1557,肿泡,1
1560,因伊隐,1
1561,开拓性,1
1562,原声,1
1563,蛛丝马迹,1
1566,人马,1
1567,岳云鹏演,1
1568,技术含量,1
1573,家传,1
1576,三万名,1
1579,刻板,1
1581,冠姓,1
1582,太浅,1
1585,立得,1
1587,无形,1
1588,算得,1
1591,勃发,1
1592,上瘾,1
1594,语境,1
1596,五四,1
1599,存,1
1604,差异,1
1612,扫地,1
1617,白百,1
1620,非人类,1
1632,气若游丝,1
1634,港导,1
1636,医学,1
1639,衣衫,1
1641,晕眩,1
1642,是媛媛,1
1644,母题,1
1647,19,1
1648,小孩儿,1
1651,浊水,1
1652,填充,1
1653,下饭,1
1655,矫正,1
1656,集齐,1
1658,贪着,1
1660,否定,1
1665,倒序,1
1666,笑话,1
1669,缩短,1
1670,PPT,1
1675,半封闭,1
1677,没破,1
1678,好怀念,1
1679,接得,1
1681,Y,1
1682,blade,1
1683,需求,1
1686,浮于,1
1687,新案,1
1688,才刚,1
1689,双眸,1
1690,乍一看,1
1691,尽头,1
1692,稳稳,1
1696,随意,1
1698,呼啸,1
1699,一世,1
1700,盲猜,1
1703,街上,1
1704,念念,1
1705,F,1
1706,墙上,1
1708,男一,1
1710,德克,1
1713,后边,1
1715,去掉,1
1716,落俗,1
1717,tv,1
1718,仙b,1
1720,挺足,1
1721,直愣愣,1
1723,发声,1
1725,于荣光,1
1726,方法学,1
1727,伪装,1
1729,键盘,1
1731,难挨,1
1733,火花,1
1735,得以,1
1736,分配,1
1737,而е,1
1744,不可限量,1
1745,照应,1
1746,体力,1
1747,历史背景,1
1749,案中,1
1751,专业术语,1
1754,泛滥,1
1756,镜子,1
1757,工具化,1
1760,发讪,1
1763,山峦,1
1764,纪实,1
1765,全部都是,1
1767,廉颇老矣,1
1768,感极强,1
1769,投机者,1
1770,整年,1
1772,糊里糊涂,1
1777,重重,1
1779,数十年如一日,1
1780,幻影,1
1788,大爆,1
1790,脚本,1
1791,打听,1
1795,谭市,1
1796,各有特色,1
1797,感拉满,1
1800,矜持,1
1801,暗指,1
1802,念词,1
1804,8532,1
1806,借助,1
1807,早说,1
1808,可谓,1
1813,数十年,1
1815,千金,1
1816,坟,1
1818,实属,1
1819,翻来覆去,1
1824,拼接,1
1825,擦边,1
1830,部队,1
1831,男主是,1
1833,寻租,1
1834,客栈,1
1835,逮住,1
1837,改观,1
1842,,1
1847,低幼,1
1848,黄先生,1
1853,猎屠,1
1854,鬼胎,1
1861,里奇,1
1863,中日韩,1
1865,坠楼,1
1868,延长,1
1869,不爱,1
1870,不肯,1
1872,王一博死,1
1873,赞赏,1
1874,它,1
1876,恶鬼,1
1877,停顿下来,1
1882,游走,1
1883,波谲,1
1885,荡然无存,1
1886,歌颂,1
1887,成神易,1
1888,频出,1
1894,天眼,1
1896,时光,1
1898,迷人,1
1901,恩将仇报,1
1903,来得,1
1906,阴,1
1909,毁,1
1910,用于,1
1911,狂暴,1
1913,C里,1
1914,怜惜,1
1915,全崩,1
1916,趋同,1
1917,癫佬神,1
1918,很浓,1
1919,惯用,1
1920,女主是,1
1922,黑探,1
1923,糟,1
1927,黄金时代,1
1929,子女,1
1931,谢锦散,1
1936,很粗,1
1941,一地,1
1942,范式,1
1943,贩,1
1949,注入,1
1952,心意,1
1954,更欢,1
1956,仅存,1
1960,东北,1
1963,吵得,1
1964,逼出来,1
1966,街头,1
1968,美商,1
1972,新面孔,1
1973,有太多,1
1976,活该,1
1980,受伤,1
1982,辩护,1
1986,换枪,1
1989,故弄,1
1990,直截了当,1
1991,假到,1
1997,单是,1
1999,明说,1
2002,d,1
2003,带出,1
2005,换算,1
2007,一点儿,1
2009,不够看,1
2010,脑力,1
2014,草,1
2018,雷霆万钧,1
2020,风在,1
2021,拿来主义,1
2023,同类题材,1
2024,观点,1
2025,在世,1
2026,蛇蝎,1
2028,港式,1
2029,mind,1
2030,王一博爆,1
2033,奇闻,1
2034,终场,1
2035,意味着,1
2036,简化,1
2038,粉有福,1
2044,爽点,1
2045,浅白,1
2046,蒋,1
2050,短片,1
2051,出卖,1
2054,欢快,1
2056,面相,1
2057,鸠,1
2058,乐都,1
2059,主人,1
2061,全歼,1
2063,僵,1
2064,黑泽明,1
2065,条街,1
2066,超人,1
2067,前传,1
2068,停歇,1
2069,少女,1
2070,见证,1
2071,芭蕾舞鞋,1
2074,地位,1
2079,习惯,1
2081,七月,1
2082,自我意识,1
2087,自述,1
2088,大大的,1
2092,逼上梁山,1
2094,咄咄逼人,1
2098,传闻中,1
2099,繁,1
2101,不拉垮,1
2103,对手,1
2107,时间段,1
2109,入,1
2112,工厂,1
2113,好样,1
2115,梁先生,1
2116,高难度,1
2121,得整,1
2122,决策,1
2123,挨,1
2132,前两天,1
2135,可观,1
2136,走过,1
2137,善人,1
2139,太吵,1
2140,没人拉着,1
2143,放松,1
2144,文工F,1
2145,交流,1
2146,搞定,1
2151,众星,1
2154,手工,1
2158,纸扎,1
2160,压不住,1
2162,舞厅,1
2163,剥离,1
2164,讨好,1
2165,刘导,1
2166,]^,1
2167,]到,1
2168,臆想,1
2169,相遇,1
2170,晃,1
2176,胜似,1
2180,坠,1
2181,影迷,1
2183,相比之下,1
2184,耐看,1
2188,装备,1
2190,身手,1
2192,殒命,1
2197,计划经济,1
2200,桶,1
2203,案到,1
2205,全乎,1
2209,财宝,1
2210,没完没了,1
2211,夜市,1
2212,热切,1
2213,地主,1
2214,陈桂彬,1
2218,奇异果,1
2222,下三E,1
2223,大半,1
2224,吹起来,1
2225,层峦叠嶂,1
2227,画报,1
2228,嘴型,1
2233,下不来台,1
2239,女童,1
2240,演都,1
2242,主在,1
2243,老片,1
2244,八十年代,1
2245,楷模,1
2246,真像,1
2248,迎亲,1
2249,喝,1
2253,焊,1
2257,四字,1
2259,带资,1
2260,有空,1
2261,28,1
2262,鼓点,1
2264,主旨,1
2266,鬟f,1
2268,毒叔,1
2271,纳闷,1
2272,癌症,1
2274,太坏,1
2275,技术手段,1
2276,被迫,1
2278,预言家,1
2281,能想,1
2282,城乡,1
2283,信号,1
2285,主题曲,1
2287,增味剂,1
2288,昏庸,1
2289,过剩,1
2290,想往,1
2291,一N,1
2296,不得已而为之,1
2297,圆满,1
2298,唔,1
2301,着墨,1
2302,褫夺,1
2303,齐力,1
2304,行云流水,1
2307,疯狗,1
2310,熊二,1
2312,案有,1
2314,更爽,1
2316,刑侦队,1
2317,狠人,1
2318,故事片,1
2319,回顾历史,1
2320,两名,1
2327,蒋公,1
2328,一个劲儿,1
2330,草丛里,1
2333,速度,1
2334,悲剧性,1
2337,哥哥,1
2338,放纵,1
2339,听点,1
2342,没爽,1
2344,暗爽,1
2347,疯片,1
2350,一窝蜂,1
2353,性侵,1
2356,大材小用,1
2358,操控,1
2360,感拉得,1
2361,自找,1
2363,高产,1
2364,没死,1
2365,我谈,1
2368,两半,1
2369,手枪,1
2370,条目,1
2371,现状,1
2372,Ⅱ,1
2373,一帧,1
2374,巨人,1
2376,出走,1
2378,自作,1
2380,baling,1
2382,^,1
2383,利落,1
2384,蛋,1
2386,一枝独秀,1
2387,虚,1
2388,泯灭,1
2389,恰烂,1
2390,着重,1
2391,浓烈,1
2392,所观,1
2393,师为,1
2394,洪俊山,1
2395,境界,1
2396,肠子,1
2399,寻梅,1
2400,拷问,1
2402,发笑,1
2406,低配,1
2409,玄,1
2410,各说,1
2412,~,1
2415,第一声,1
2418,太出,1
2419,焦虑,1
2421,本土,1
2422,碰瓷,1
2423,大半夜,1
2425,遗留问题,1
2426,出没,1
2427,一集,1
2428,想开,1
2429,浓度,1
2430,120,1
2431,hh,1
2434,散乱,1
2437,废旧,1
2438,澄明,1
2441,娶狐族,1
2442,炎凉,1
2443,金牌,1
2444,教训,1
2445,稀奇,1
2447,洗牌,1
2448,羊羔,1
2450,阿尔,1
2453,短暂,1
2455,反面,1
2457,提防,1
2458,无辜,1
2460,向上,1
2461,限行,1
2465,水份,1
2469,自私,1
2470,拍点,1
2472,笼罩,1
2475,观照,1
2477,悄悄,1
2480,没排,1
2481,大饼,1
2484,清新,1
2486,受^,1
2487,顺带,1
2489,当事人,1
2493,睇,1
2496,精妙,1
2497,精,1
2501,评个,1
2503,雕花,1
2506,封闭,1
2510,冰冷,1
2513,事态,1
2514,节奏感,1
2515,沦落,1
2520,V,1
2521,野庙,1
2524,慢下来,1
2526,放任,1
2527,外力,1
2528,败,1
2531,奇树,1
2533,腰,1
2540,想想也是,1
2541,选择题,1
2543,不顾一切,1
2545,略费脑,1
2546,中立,1
2547,过审,1
2548,惹下,1
2550,无出其右,1
2551,区分,1
2555,缉毒,1
2557,,1
2558,临门一脚,1
2561,死气沉沉,1
2562,疲累,1
2563,那么回事,1
2570,驾驶,1
2571,平安,1
2572,别演,1
2573,崔挺,1
2576,新老,1
2578,千米,1
2587,两点,1
2592,入戏,1
2593,旧日,1
2595,晦涩,1
2596,计较,1
2599,主题思想,1
2601,固执,1
2603,大车,1
2604,跳上跳下,1
2605,胡少峰,1
2610,实话,1
2611,公务员,1
2612,流连,1
2613,冷笑,1
2615,容量,1
2616,支援,1
2618,的哥,1
2619,脸往,1
2620,越老越,1
2622,领带,1
2625,谦逊,1
2629,站台,1
2631,稀稀落落,1
2632,同时代,1
2635,通病,1
2636,比较满意,1
2637,并未,1
2641,服道,1
2645,羞辱,1
2647,骗子,1
2652,家财,1
2653,得意,1
2656,陡峭,1
2657,微光,1
2658,合成,1
2660,投靠,1
2663,蝙蝠,1
2668,座,1
2669,难忍,1
2671,催眠,1
2672,内味,1
2673,韩庚,1
2676,决裂,1
2677,敢排,1
2678,留在,1
2680,品味,1
2684,宣片,1
2686,囊括,1
2687,俩个,1
2690,传君,1
2691,那,1
2696,算不上,1
2698,上程导,1
2700,我妈,1
2704,后怕,1
2706,超强,1
2707,今夜,1
2708,科普,1
2709,收获,1
2710,贫瘠,1
2712,硬拗,1
2718,封建社会,1
2720,不文白,1
2722,皮肉,1
2724,,1
2725,常识,1
2729,看表,1
2730,不合时宜,1
2732,白眼,1
2733,必惩,1
2734,拉回来,1
2735,躲,1
2736,云集,1
2738,一女,1
2741,流于,1
2743,执着,1
2746,想学,1
2749,恶势力,1
2751,像片,1
2754,真不该,1
2758,神经,1
2762,遮蔽,1
2764,没良心,1
2767,一给,1
2768,罗里,1
2770,太顶,1
2773,癫是,1
2776,花h,1
2778,平行,1
2779,感性,1
2781,和解,1
2783,真耐骚,1
2787,亲爹,1
2789,谈不谈,1
2790,啥意思,1
2792,爷们,1
2797,祭祀,1
2799,枪杀案,1
2801,渣,1
2805,花瓶,1
2806,孤独,1
2812,插科,1
2813,精神分裂症,1
2814,人心莫测,1
2815,宽肩,1
2817,草地,1
2820,院子,1
2821,可别,1
2831,庞杂,1
2832,其身,1
2834,排斥,1
2836,没事儿,1
2841,拉向,1
2846,过目不忘,1
2847,这组,1
2848,源自,1
2852,有来生,1
2857,大家伙儿,1
2858,东拼西凑,1
2860,一个多,1
2861,连续,1
2862,追击,1
2863,正且,1
2864,外皮,1
2865,391,1
2868,红妆,1
2869,之世,1
2871,火气,1
2872,官僚,1
2874,走位,1
2878,不连贯,1
2879,见仁见智,1
2884,运筹帷幄,1
2885,浮躁,1
2887,投降,1
2888,改个,1
2889,置身其中,1
2892,看好,1
2895,院校,1
2897,进度,1
2898,倒扣,1
2899,不必要,1
2903,特工,1
2904,狂怒,1
2907,我下,1
2908,平淡无奇,1
2909,夏洛克,1
2912,条涉,1
2913,检察工作,1
2915,好美,1
2916,小角色,1
2917,互存,1
2922,欣,1
2926,疯警,1
2927,紧迫,1
2931,7.1,1
2933,之路,1
2936,懿,1
2942,恰当,1
2945,,1
2947,挣扎,1
2949,外国,1
2950,成活,1
2953,2296,1
2955,消逝,1
2956,浪潮,1
2957,沟,1
2960,淮川,1
2965,记者,1
2968,素材,1
2971,人文,1
2972,叭,1
2973,”,1
2974,成全,1
2975,过些,1
2977,tony,1
2983,百姓,1
2985,包容,1
2987,拉到,1
2990,背影,1
2995,全说,1
2997,有情,1
2998,独,1
3003,刘涛,1
3004,最拉,1
3005,上乘之作,1
3006,干着,1
3007,切入口,1
3010,头上,1
3013,站得住脚,1
3021,几十年,1
3025,烦躁,1
3026,他敢,1
3029,淘金,1
3030,转得,1
3032,大里,1
3033,永恒,1
3034,不合,1
3038,出镇,1
3039,戏外,1
3040,可望,1
3042,想不出,1
3043,歌曲,1
3045,昏昏欲睡,1
3046,妆造,1
3047,不烂,1
3049,木头,1
3050,咖里,1
3051,严密,1
3053,立意,1
3055,杰西卡,1
3057,莫再,1
3058,多到,1
3060,小演员,1
3062,正向,1
3064,带劲,1
3066,跟前,1
3069,抑郁症,1
3071,恶龙,1
3073,喷涌,1
3075,大姐,1
3076,煞费苦心,1
3080,下岗,1
3082,林峰演,1
3083,草原,1
3084,喊出来,1
3086,泥沼,1
3090,出,1
3092,分散,1
3098,卖座,1
3099,解散,1
3100,尸块,1
3101,堪比,1
3102,人情,1
3109,超现实,1
3111,掩埋,1
3112,必,1
3113,包含,1
3114,不不,1
3116,无疆,1
3119,一毛钱,1
3120,半夜,1
3122,行文,1
3125,看累,1
3127,镣铐,1
3129,可太像,1
3130,经济,1
3133,流水,1
3136,不亏,1
3137,两极分化,1
3138,a,1
3139,最为,1
3144,真会控,1
3145,尽人事,1
3149,适得其反,1
3150,磕到,1
3151,人共情,1
3154,全部打,1
3157,wash,1
3159,切来切,1
3161,浓抹,1
3164,深陷,1
3165,在家,1
3166,偶像,1
3167,胆小,1
3169,祭,1
3170,十几把,1
3171,做点,1
3174,羊肉,1
3175,乐土,1
3177,痕E,1
3179,公交,1
3181,赌鬼,1
3182,超快,1
3186,断肠,1
3187,点头,1
3188,网大嘛,1
3189,前半,1
3190,鸳鸯,1
3192,弄出来,1
3194,两种,1
3195,声光,1
3197,温柔,1
3202,逞凶,1
3204,美美,1
3207,建立,1
3209,多土,1
3210,位于,1
3214,不法分子,1
3215,华为,1
3216,胖肿成,1
3217,马先生,1
3220,要败,1
3221,晚,1
3222,brand,1
3224,瓶颈,1
3225,家门口,1
3228,杨永信,1
3229,看手,1
3230,三四十,1
3231,缺人缺,1
3237,宗教,1
3238,机制,1
3239,线散,1
3241,电视,1
3244,枪匪,1
3245,锁住,1
3246,头疼,1
3247,2563,1
3248,独特性,1
3251,昏黄,1
3253,不敢相信,1
3254,庙街,1
3255,剧给,1
3256,自愧弗如,1
3257,自视,1
3258,队友,1
3259,热门,1
3260,三线建设,1
3261,安于,1
3266,冲毁,1
3267,冷不丁,1
3268,光凭,1
3269,主控,1
3270,赞助商,1
3272,村e,1
3274,紧密,1
3275,人影,1
3279,并行,1
3284,混蛋,1
3288,前台,1
3289,引用,1
3290,我花,1
3296,一观,1
3298,死死的,1
3301,剥夺,1
3303,觉得很有,1
3304,业余,1
3305,茧子,1
3306,僵尸,1
3307,内化,1
3312,后造,1
3316,拨云见日,1
3317,欣然接受,1
3318,患者,1
3320,惟妙惟肖,1
3322,紧致,1
3325,Y,1
3326,干净利落,1
3328,独狼,1
3329,100.8,1
3331,意涵,1
3332,全篇,1
3339,再现,1
3340,思绪,1
3344,断掉,1
3346,原则,1
3347,嚷嚷,1
3350,无惧,1
3352,短时间,1
3353,脆弱,1
3354,二十多年,1
3355,司马昭之心,1
3356,得体,1
3358,用功,1
3360,幻象,1
3361,会次,1
3363,颗星,1
3374,业余人员,1
3377,康德,1
3379,单位,1
3380,发问,1
3383,做成,1
3384,分类,1
3386,一疯,1
3387,我大,1
3389,恶俗,1
3392,坐牢,1
3395,证实,1
3396,走低,1
3399,久久,1
3400,后宝莱坞,1
3401,苍天,1
3404,形制,1
3405,早早,1
3406,看部,1
3407,尤为,1
3409,杯,1
3411,上头,1
3412,多个,1
3413,层次,1
3414,仙女,1
3415,是尬,1
3417,交出,1
3421,有形,1
3422,礼制,1
3425,六方,1
3427,金句,1
3429,帮凶,1
3430,事好,1
3434,买单,1
3436,值得称赞,1
3437,心情,1
3443,遇狐妻,1
3444,均匀,1
3447,伪造,1
3449,求救,1
3450,浅谈,1
3453,出人命,1
3455,关掉,1
3456,预售,1
3457,灼伤,1
3458,福尔摩斯,1
3459,断定,1
3461,画影,1
3467,胰腺癌,1
3468,歌手,1
3469,敬而远之,1
3470,英模,1
3472,妓女,1
3473,萧条,1
3474,占据,1
3475,跑出去,1
3477,死透,1
3479,杀鸡焉用,1
3480,戒,1
3483,港味,1
3484,a,1
3485,无数,1
3491,一打,1
3492,首页,1
3493,地想,1
3495,配得,1
3497,文革,1
3499,用料,1
3500,产品,1
3501,救济,1
3502,偏激,1
3505,主打,1
3506,讲话,1
3508,手松,1
3509,老调子,1
3519,痛揍,1
3520,激情,1
3521,普通话,1
3522,和睦,1
3523,保留住,1
3524,韩国片,1
3527,辩护律师,1
3529,天色,1
3530,男女朋友,1
3539,person,1
3540,批绝,1
3542,芭蕾舞者,1
3544,7.9,1
3546,邪典,1
3548,三四遍,1
3549,节奏快,1
3551,一组组,1
3554,极尽,1
3555,嘲讽,1
3559,拍下去,1
3563,当做,1
3564,很小,1
3566,生疏,1
3567,权贵,1
3568,分工,1
3571,腌H,1
3574,写法,1
3576,善意,1
3578,不见得,1
3579,现代化,1
3581,8,1
3585,咬掉,1
3586,算增,1
3588,击节,1
3594,装醉,1
3597,小h,1
3601,链条,1
3602,挑不出,1
3603,杯水车薪,1
3606,骑士,1
3608,可有可无,1
3609,明,1
3611,启发,1
3612,硬吹成,1
3613,粽,1
3614,问好,1
3618,远离,1
3619,於,1
3623,铁律,1
3624,更拉,1
3625,略入,1
3630,倍,1
3631,柔弱,1
3634,天国,1
3638,人世间,1
3642,地稳,1
3644,单元,1
3650,删,1
3652,出错,1
3653,麻辣,1
3657,楞,1
3659,胆子,1
3661,儿童,1
3662,活过来,1
3665,e面,1
3666,痛经,1
3667,眼球,1
3668,z察官,1
3669,无需,1
3670,粉,1
3671,逐步推进,1
3674,丛生,1
3678,开除,1
3679,倒闭,1
3680,迷,1
3684,番外,1
3687,没白,1
3688,老家,1
3692,落脚,1
3694,冲塔,1
3696,类别,1
3698,真快,1
3699,山神庙,1
3700,正义感,1
3701,大案要案,1
3702,叫好,1
3705,回路,1
3706,饱和,1
3708,烟,1
3710,空荡荡,1
3711,十几年,1
3712,太流于,1
3714,善念,1
3717,韩国,1
3718,A,1
3722,乔桐,1
3723,人数,1
3726,疑案,1
3728,射击,1
3731,原创,1
3732,究其,1
3733,触碰过,1
3734,撩拨,1
3735,筑,1
3736,哈人,1
3738,乔安,1
3739,问麦兆辉,1
3740,脚趾,1
3742,小曲,1
3744,收拢,1
3745,剑拔弩张,1
3746,全中,1
3748,做个,1
3751,天不怕,1
3754,没王,1
3755,皮蛋,1
3756,麻木不仁,1
3758,剪掉,1
3759,二战,1
3761,真实情况,1
3764,恰如其分,1
3765,202,1
3766,5.5,1
3767,抓马,1
3768,印着,1
3769,烟瘾,1
3770,fanglixin,1
3772,体型,1
3775,初见,1
3776,窒息,1
3778,心血,1
3779,老头,1
3782,盂兰,1
3784,下同,1
3785,投影仪,1
3788,悲凉,1
3789,抽风,1
3790,烂境,1
3791,动作片,1
3792,痛恨,1
3793,还赖,1
3797,共鸣,1
3799,止损,1
3804,有股,1
3805,深嵌,1
3809,政,1
3812,助手,1
3814,@,1
3816,},1
3817,通灵者,1
3820,放掉,1
3821,指数,1
3822,学学,1
3824,人心不足蛇吞象,1
3827,只求,1
3829,一进,1
3833,生涯,1
3835,浓浓的,1
3836,让给,1
3837,好了吧,1
3838,标杆,1
3841,紧贴,1
3843,治不好,1
3844,},1
3845,精神病,1
3846,化道,1
3849,赶时间,1
3850,文名,1
3854,从来不,1
3861,劣迹,1
3863,用后,1
3865,一根,1
3867,追剧,1
3869,刑警队,1
3870,近乎,1
3872,没抱,1
3873,苗苗,1
3874,打,1
3875,可辨,1
3876,陀,1
3877,父,1
3879,前传里,1
3880,第一天,1
3883,戳,1
3884,润,1
3887,疯人,1
3894,卖弄,1
3895,饶过,1
3896,半途,1
3897,无穷的,1
3898,吃亏,1
3899,耽溺,1
3900,小小,1
3901,滥造,1
3904,灿灿,1
3905,这演,1
3907,早露,1
3909,辅助性,1
3911,结婚,1
3915,必属,1
3918,灌M,1
3924,压住,1
3925,消失,1
3926,感受一下,1
3928,心想,1
3929,鲨人,1
3931,挺糙,1
3932,皇位,1
3933,抨击,1
3939,S後的,1
3940,形态,1
3941,次数,1
3942,光鲜,1
3946,内涵,1
3947,审死官,1
3950,半成品,1
3953,痿泄,1
3954,未免,1
3956,别致,1
3957,包间,1
3960,用_生T,1
3961,放映,1
3962,做好,1
3965,鏖战,1
3966,面面俱到,1
3967,音频,1
3968,A期,1
3969,必要性,1
3970,之争,1
3972,疤,1
3974,交火,1
3976,黑衣人,1
3978,安全感,1
3980,届,1
3985,推着,1
3986,江湖,1
3991,无穷无尽,1
3992,干吼,1
3994,指着,1
3996,迷x,1
4001,结构设计,1
4004,症状,1
4007,过少,1
4009,李若彤演,1
4010,不可避免,1
4014,必看,1
4017,果敢,1
4019,重男,1
4020,漫布,1
4022,累,1
4027,台,1
4028,一再,1
4030,法,1
4032,委曲求全,1
4035,很行活,1
4039,鱼肉,1
4044,平衡,1
4047,侦查,1
4048,成几,1
4051,太加分,1
4052,光线,1
4053,主意,1
4054,生造,1
4062,实为,1
4067,不分,1
4069,赛,1
4070,逼供,1
4071,之变,1
4074,夜晚,1
4076,无用,1
4078,比鬼,1
4081,团,1
4082,梦里花,1
4083,格子,1
4084,杀人放火,1
4085,梦中,1
4086,避而不谈,1
4088,杀后,1
4095,唧,1
4096,大腕,1
4097,藏匿于,1
4098,灾星,1
4099,得光,1
4103,好不容易,1
4104,舞蹈家,1
4107,用烂,1
4108,星星之火,1
4110,同体,1
4112,打算,1
4113,内心深处,1
4115,皮鞋,1
4116,选景,1
4117,三分之一,1
4118,不可逾越,1
4119,丢多大,1
4120,一帮人,1
4122,追枪,1
4123,绵羊,1
4125,充分发挥,1
4126,现出,1
4127,停不下来,1
4128,女士们,1
4129,纯熟,1
4130,小而美,1
4131,照片,1
4133,主客观,1
4137,构造,1
4139,只学到,1
4140,能换,1
4142,拳拳,1
4145,太错,1
4148,过节,1
4150,半明,1
4151,水煮鱼,1
4153,排除,1
4154,自尊,1
4156,心存,1
4160,方信,1
4161,犯罪分子,1
4162,视感,1
4164,本作,1
4165,效颦,1
4166,好友,1
4167,部网,1
4168,匹配,1
4170,剧透来,1
4172,太无语,1
4173,世纪,1
4178,去狐洞,1
4179,系来,1
4180,人意,1
4184,颇具,1
4188,迎来,1
4189,残留,1
4190,阅卷,1
4191,钟情,1
4193,狗头,1
4194,再就是,1
4195,大学教授,1
4197,较于,1
4200,起舞,1
4201,热血,1
4202,红,1
4206,分神,1
4207,轻佻,1
4208,35.03,1
4209,所作,1
4210,一对,1
4214,尽隐,1
4215,中影,1
4216,胸肌,1
4219,姑姑,1
4220,来保,1
4229,放眼,1
4230,毫发,1
4232,开门,1
4235,动脑子,1
4236,咯痰,1
4237,东城,1
4240,新生,1
4249,不断涌现,1
4250,主要演员,1
4255,景,1
4256,太爱,1
4258,镶边,1
4262,如芒刺背,1
4263,短瞬,1
4265,大方向,1
4268,想得到,1
4271,进修,1
4272,碰触,1
4273,现实感,1
4275,出神入化,1
4278,拦住,1
4280,配上,1
4281,令人生厌,1
4284,不足以,1
4285,邻居,1
4287,几把,1
4289,发火,1
4292,私货,1
4296,哀伤,1
4297,志怪片,1
4298,预想,1
4300,性器,1
4301,傻眼,1
4303,拉拉杂杂,1
4304,委员长,1
4305,热点,1
4306,细品,1
4307,报幕,1
4310,慈悲,1
4312,师太牛,1
4313,隐约,1
4318,冲破,1
4319,街巷,1
4321,牛鬼蛇神,1
4323,四人,1
4326,人治,1
4328,G人,1
4331,撕咬,1
4337,文雀,1
4339,濒死,1
4340,试试,1
4342,行么,1
4343,量身,1
4346,阻力,1
4347,跳跃性,1
4349,基层,1
4350,单把,1
4354,没太多,1
4356,何在,1
4359,立判,1
4360,赌博,1
4361,昨日,1
4362,委屈,1
4363,铁路,1
4366,教给,1
4367,前边,1
4371,买成,1
4372,坐满,1
4373,爱情喜剧,1
4377,片儿,1
4379,退休,1
4380,淡影似,1
4381,暗面,1
4384,互射,1
4387,低俗小说,1
4391,轮流,1
4393,一百多,1
4394,炖,1
4395,局长,1
4396,人物形象,1
4401,low,1
4402,同步,1
4405,谢锦是,1
4407,醒目,1
4408,认出,1
4410,遐想,1
4413,虐待,1
4414,电灯泡,1
4415,娶亲,1
4417,有戏,1
4418,流,1
4419,第二位,1
4420,证人,1
4421,优于,1
4426,无声无息,1
4428,左膀,1
4433,两派,1
4436,禁止,1
4437,半晦,1
4438,照像,1
4439,没道理,1
4441,四舍五入,1
4443,贴边,1
4445,玩游戏,1
4446,演烂,1
4448,淡化,1
4450,累累的,1
4451,不赖,1
4453,强比,1
4455,提张,1
4460,接不上,1
4461,天生,1
4464,两场,1
4466,坐来,1
4467,块,1
4470,人有,1
4471,囚犯,1
4472,最早,1
4473,做戏,1
4478,录,1
4479,狂躁,1
4480,孽,1
4485,一贯作风,1
4487,食人,1
4489,完整版,1
4491,棘手,1
4495,说得好,1
4496,郝平演,1
4500,好家伙,1
4501,大鼻子,1
4502,芒刺在背,1
4503,步险棋,1
4504,渔夫,1
4505,沉稳,1
4506,碍于,1
4507,周末版,1
4511,@就,1
4512,真真,1
4513,港,1
4514,上司,1
4515,正经,1
4519,多于,1
4520,烧尽,1
4521,照抄,1
4525,哈欠,1
4527,发财,1
4528,热带,1
4530,亏待,1
4541,重蹈覆辙,1
4542,改革开放,1
4546,废笔,1
4547,凸现,1
4548,义警,1
4549,工位,1
4551,往回,1
4552,好玩儿,1
4553,年初一,1
4557,机关,1
4559,几种,1
4561,.....,1
4562,要害,1
4565,多刷,1
4566,眼泡,1
4568,金像奖,1
4572,响起,1
4573,换掉,1
4574,成于,1
4580,消息,1
4581,兴许,1
4584,秘莘,1
4586,几部,1
4588,稳妥,1
4593,竞争,1
4594,编编,1
4595,大W生,1
4596,驱使,1
4597,太笨,1
4598,爬,1
4599,暗恋,1
4601,对准,1
4603,瘸腿,1
4604,禅宗,1
4605,百转千回,1
4606,万万,1
4609,开辟,1
4611,泄密者,1
4612,瑜演,1
4613,180,1
4614,语音,1
4617,集锦,1
4620,顶峰,1
4621,比太多,1
4622,每分,1
4626,fK,1
4627,拍片,1
4628,T,1
4629,32,1
4634,点评,1
4635,瘦,1
4639,花心思,1
4640,人间正道,1
4641,既视感,1
4642,黄哥,1
4643,被害人,1
4644,焦骨,1
4645,比e,1
4647,一脚,1
4648,没人敢,1
4651,听力,1
4654,一环套,1
4655,出门,1
4656,江南,1
4657,这句,1
4658,解构,1
4660,可不,1
4662,心狠手辣,1
4665,特意,1
4667,恐慌,1
4670,这么久,1
4671,一波,1
4674,不坏,1
4675,提高,1
4677,绝绝子,1
4678,迫在眉睫,1
4680,感激,1
4681,以资鼓励,1
4684,37,1
4686,大减,1
4687,写成,1
4690,假象,1
4691,双影,1
4693,1050,1
4694,扇,1
4695,帅气,1
4697,家长,1
4698,时竟,1
4703,人格分裂,1
4706,口罩,1
4708,强奸,1
4711,五万块,1
4712,值回,1
4713,配版,1
4714,变易,1
4715,型,1
4717,小孩子,1
4719,加施,1
4722,冷冰冰,1
4725,包饺,1
4726,愧疚,1
4728,噪音,1
4729,怀着,1
4730,何德何能,1
4731,你家,1
4733,充分说明,1
4736,起到,1
4737,鸡,1
4739,艹,1
4740,明快,1
4745,不复存在,1
4746,我尬,1
4747,谢霆锋,1
4748,站队,1
4749,算计,1
4750,有神,1
4752,工种,1
4754,身高,1
4755,偷,1
4757,位,1
4759,沟里,1
4760,pP,1
4761,如黛,1
4767,过世,1
4769,警方,1
4771,组团,1
4776,考公当,1
4780,英美法,1
4781,无真,1
4785,何故,1
4786,葬礼,1
4787,直呼,1
4788,暗,1
4790,张有成,1
4792,颁奖,1
4793,线里,1
4794,我姐,1
4796,清白,1
4797,担当,1
4801,持枪,1
4802,一以贯之,1
4803,成妻,1
4804,配着,1
4806,那N,1
4807,演陈仪,1
4809,坦克,1
4810,谴责,1
4813,见到,1
4815,亮,1
4817,聪明睿智,1
4819,服道化,1
4820,网文,1
4822,胎器,1
4824,古今,1
4825,棚,1
4829,出淤泥而不染,1
4830,u,1
4831,三颗,1
4833,说谎,1
4834,虚头,1
4835,牵,1
4836,跳切,1
4837,瞎胡闹,1
4841,勉勉强强,1
4844,跳戏纸,1
4846,虚假,1
4847,一系列,1
4850,受害,1
4851,击溃,1
4853,胡欺,1
4855,唇枪舌战,1
4858,第二季,1
4862,包办婚姻,1
4868,转型,1
4869,三重,1
4872,表露无遗,1
4874,孕育,1
4875,匪徒,1
4876,game,1
4877,股子,1
4878,动态,1
4880,根基,1
4881,猥琐,1
4882,复出,1
4884,古今中外,1
4887,身为,1
4888,多样,1
4892,一泻千里,1
4894,摔下去,1
4896,做梦,1
4898,王阳,1
4899,小莲国生,1
4902,修炼,1
4903,不乏,1
4904,总得,1
4905,窃听,1
4907,太丑,1
4908,网片,1
4909,性欲望,1
4910,下一场,1
4913,二创,1
4915,叔野得,1
4916,考察,1
4918,美好生活,1
4924,盗版碟,1
4925,半小r,1
4927,沧桑,1
4928,大王,1
4930,避开,1
4931,受限,1
4932,浓厚,1
4933,值,1
4934,左右手,1
4935,寻,1
4936,穿插着,1
4937,学到,1
4938,赌徒,1
4939,u分,1
4943,退化,1
4944,最初,1
4945,scjz,1
4947,党的领导,1
4952,低效,1
4956,恐风,1
4958,小丑,1
4960,真爱,1
4961,遗留,1
4964,数,1
4966,一探,1
4968,猹,1
4969,硬生生,1
4970,有色,1
4971,布料,1
4972,基底,1
4974,夜总会,1
4975,高于,1
4976,搭戏,1
4978,这座,1
4980,生暗,1
4981,深入调查,1
4983,内生,1
4984,更有意义,1
4986,媒体,1
4987,蒙蔽,1
4988,泪点,1
4991,机会,1
4992,无心,1
4993,小人物,1
4994,唱红,1
4996,觊觎,1
4997,已死,1
5000,仓库,1
5001,长空,1
5003,得逞,1
5005,一骨碌,1
5006,情理之中,1
5007,卖弄玄虚,1
5008,怨,1
5012,拍烂,1
5015,纠察,1
5017,更新,1
5018,设在,1
5021,太烦,1
5022,飞快,1
5025,明朗,1
5030,谋生,1
5031,信心,1
5032,文片,1
5033,相套,1
5036,既有,1
5039,旗号,1
5040,实践,1
5041,嫉妒,1
5042,演T,1
5044,从这一点,1
5045,假得,1
5049,科学论证,1
5050,镜前,1
5053,症结,1
5055,默默,1
5056,瑜作,1
5057,挺棒,1
5058,暂时,1
5059,露馅,1
5060,疑点,1
5061,悲哀,1
5062,神助,1
5063,尚好,1
5064,不共戴天,1
5065,食子,1
5066,很足,1
5070,狂奔,1
5072,仿拍,1
5076,孤岛,1
5078,满屏,1
5080,半斤八两,1
5081,拍案叫绝,1
5082,用尽,1
5084,大厅,1
5085,千辛万苦,1
5086,一方,1
5087,CP,1
5088,近树,1
5091,一拖,1
5092,第三,1
5095,忘却,1
5097,大吼大叫,1
5098,飞,1
5099,话语,1
5101,糊,1
5102,三位,1
5104,审理,1
5106,豁然开朗,1
5108,联想,1
5109,山洞,1
5110,维尔,1
5111,颦,1
5113,两遍,1
5116,热火朝天,1
5117,编年史,1
5119,参半,1
5120,丝丝,1
5122,淮北,1
5123,41,1
5124,自负,1
5125,郑有,1
5131,为治,1
5132,百分百,1
5135,地段,1
5138,低成本,1
5139,演点,1
5140,几眼,1
5141,张艺谋,1
5142,劣质,1
5144,演演,1
5145,难分,1
5150,有案,1
5151,规避,1
5153,纸梦,1
5156,带枪,1
5159,洗钱,1
5162,面向,1
5163,地胆,1
5165,疯起来,1
5169,共产党人,1
5171,出花来,1
5172,戏班子,1
5174,盘,1
5175,具备,1
5176,纬度,1
5179,指导,1
5181,宰牛刀,1
5182,逃离,1
5187,族谱,1
5188,制下,1
5190,_,1
5193,高清,1
5195,有生以来,1
5196,汲汲于,1
5197,陈年,1
5198,关键在于,1
5199,一幅,1
5203,有报,1
5204,a片,1
5205,心中有鬼,1
5206,揣摩,1
5207,覆,1
5208,老中青,1
5209,两代,1
5210,凛然,1
5211,肚子,1
5212,过后,1
5217,于点,1
5218,桥,1
5219,张口,1
5221,三毛,1
5224,插刀,1
5225,逞能,1
5229,嘴脸,1
5232,入伙,1
5236,酆,1
5237,下毒手,1
5239,点睛,1
5244,黑衣,1
5245,这话,1
5246,立不起,1
5250,选他,1
5251,整合,1
5252,直线,1
5253,架空,1
5254,偏弱,1
5255,大着,1
5259,丫,1
5261,体悟,1
5264,苦难,1
5265,贺岁,1
5269,说辞,1
5271,宜昌,1
5272,无以,1
5273,更换,1
5276,音响,1
5277,付出,1
5278,毫不退让,1
5281,作秀,1
5284,好几条,1
5285,阴森恐怖,1
5286,情理,1
5288,北上,1
5290,悔青,1
5292,几十分钟,1
5294,算行,1
5297,3.3,1
5299,这年头,1
5300,宣扬,1
5301,佳,1
5307,门,1
5308,公爵,1
5310,包袱,1
5312,AI,1
5315,跨,1
5316,典范,1
5319,回环,1
5320,手球,1
5322,演林,1
5323,办公室,1
5324,8.5,1
5325,线条,1
5327,金子,1
5335,摔死,1
5337,洗礼,1
5338,尘封已久,1
5340,写出,1
5341,矮化,1
5344,力度,1
5345,块儿,1
5347,不弄个,1
5352,网感强,1
5354,歹毒,1
5356,但戏,1
5361,几分钟,1
5362,包子馅,1
5363,夏,1
5366,冤假错案,1
5367,独播,1
5369,质,1
5370,两章,1
5371,略弱,1
5372,勒索,1
5373,哥,1
5375,这比,1
5376,走上,1
5378,吉赛尔,1
5379,战栗,1
5382,表达方式,1
5383,写满,1
5387,骑车,1
5388,游览,1
5390,人案,1
5392,之久,1
5393,e^,1
5399,仁者见仁,1
5403,众口,1
5405,成魔,1
5406,长相,1
5409,为辅,1
5411,通稿,1
5412,老命,1
5414,吊,1
5416,分寸,1
5419,打压,1
5420,扔掉,1
5424,英明,1
5426,一小撮,1
5427,发力,1
5430,般记,1
5433,13,1
5437,太旧,1
5438,咋咋呼呼,1
5439,伤心,1
5441,就拉低,1
5443,系人,1
5445,没犯,1
5448,师去,1
5449,震到,1
5450,混淆,1
5455,鲜艳,1
5459,联动,1
5461,船坞,1
5463,沥青,1
5465,盗亦有道,1
5469,蒙在,1
5470,捡起,1
5471,暗影,1
5475,忍不住,1
5476,见面会,1
5477,童瑶,1
5479,难免,1
5480,互为,1
5481,CG,1
5482,厌烦,1
5489,老年,1
5496,薛之谦,1
5497,妄,1
5500,语言表达,1
5502,闪现,1
5506,凑和,1
5507,功利,1
5513,抓狂,1
5517,稀释,1
5520,补全,1
5521,瑞思拜,1
5522,废纸,1
5524,成员,1
5527,市民,1
5529,配以,1
5534,掏枪,1
5535,淡忘,1
5539,苦命,1
5540,刚愎,1
5541,欠,1
5543,岿然不动,1
5544,强拗,1
5545,老旧,1
5546,接触,1
5547,合情合理,1
5548,保管,1
5550,归类,1
5551,颜值,1
5552,纸扎人,1
5553,牌位,1
5557,辱,1
5558,共业,1
5559,恋物癖,1
5561,构想,1
5562,一万遍,1
5563,近,1
5564,节目,1
5565,有善,1
5566,犯案,1
5567,匀速,1
5568,跳进,1
5572,战争场面,1
5573,韦杜,1
5576,连路,1
5577,若有,1
5579,值个,1
5580,逊色,1
5581,压惊,1
5582,抓心,1
5583,纯洁,1
5585,共同完成,1
5586,比王晶,1
5587,显现,1
5588,可能性,1
5590,法制,1
5591,送肉,1
5593,不^,1
5594,极美,1
5595,洒脱,1
5597,口水,1
5598,长官,1
5600,接手,1
5605,暮,1
5607,指用,1
5608,怪志,1
5610,王一博毁,1
5611,比吹,1
5612,一日游,1
5616,细想,1
5618,别往,1
5621,之感,1
5626,文,1
5631,远远不够,1
5632,当成,1
5635,添彩,1
5636,零星,1
5639,影视作品,1
5641,冤案,1
5645,雷点,1
5646,比较慢,1
5649,反对,1
5650,一D,1
5651,前作七人,1
5653,落下,1
5654,飞溅,1
5655,磨叽,1
5657,沈,1
5658,先进,1
5659,一口气,1
5662,束缚,1
5665,小孙女,1
5667,紧紧,1
5668,屠龙,1
5670,通,1
5671,天涯,1
5672,早有,1
5673,眼前,1
5674,搞笑片,1
5675,践行,1
5676,身披,1
5678,人口,1
5679,首尾呼应,1
5681,阴险,1
5683,难度,1
5685,资料,1
5689,下海,1
5691,腮帮子,1
5694,一己,1
5696,悬心吊胆,1
5697,下课,1
5699,陌生,1
5702,俗人,1
5703,打发,1
5705,奉劝,1
5707,佳片,1
5710,绝迹,1
5712,令人窒息,1
5715,斗得,1
5719,九命,1
5720,命题作文,1
5721,俗烂,1
5722,变恩为,1
5724,比高下,1
5726,秉承,1
5730,弥足珍贵,1
5731,评,1
5734,舞团,1
5738,军方,1
5741,昭然若揭,1
5745,失控,1
5746,虚幻,1
5750,扪心自问,1
5752,泛着,1
5755,金,1
5757,连鬼狐,1
5761,国安法,1
5764,冒名顶替,1
5765,狂,1
5769,刨,1
5771,多一些,1
5773,艺人,1
5779,报恩,1
5782,匿名,1
5785,到极点,1
5786,差是,1
5787,电影史,1
5790,轻言,1
5791,做人,1
5792,物理攻击,1
5795,,1
5796,掠夺,1
5797,U,1
5799,飘散,1
5801,栏目,1
5802,进军,1
5803,好些,1
5805,淹没,1
5806,脸庞,1
5809,普遍存在,1
5811,暖色调,1
5817,嚣张,1
5818,停尸房,1
5819,太大槽,1
5822,连结,1
5823,荒村,1
5826,堪堪,1
5828,面子,1
5829,进组,1
5833,明日,1
5838,点肉,1
5840,相看,1
5842,感上,1
5843,来回,1
5844,十大,1
5859,亦师亦友,1
5862,一番,1
5864,处女,1
5868,无路可走,1
5871,作品展,1
5873,嘶吼,1
5874,调和剂,1
5875,骚动,1
5876,保有,1
5877,L,1
5881,外星人,1
5882,此山,1
5885,一连串,1
5887,迷上,1
5890,想吐槽,1
5891,于心,1
5894,以非,1
5895,大肚婆,1
5896,糊上,1
5898,少年人,1
5900,soso,1
5904,以网,1
5905,原,1
5906,美够,1
5907,四分,1
5910,惨剧,1
5913,轻描,1
5914,土地,1
5915,略觉,1
5917,扒开,1
5918,边边角角,1
5919,破解,1
5920,面向未来,1
5921,储物箱,1
5923,绝缘体,1
5924,浪漫气息,1
5925,凶徒,1
5927,苛刻,1
5928,古,1
5930,残缺,1
5933,呼声,1
5935,那N,1
5936,狐狸精,1
5939,狂想,1
5940,各说各话,1
5946,摆渡,1
5951,囿于,1
5952,抓内,1
5953,无可厚非,1
5955,挺巧,1
5956,压低,1
5957,要素,1
5958,无法形容,1
5960,侦缉,1
5961,o,1
5965,e言,1
5968,天性,1
5970,皮毛,1
5971,揉碎,1
5972,沉静,1
5977,主讲,1
5978,阴鸷,1
5980,只不过,1
5982,没用,1
5984,一首,1
5985,陈世美,1
5987,张泡,1
5988,拼,1
5989,依稀,1
5997,投明,1
6001,不多花,1
6002,之王,1
6005,夜,1
6006,hin,1
6011,被B,1
6014,出此,1
6016,严华望,1
6018,对不住,1
6019,情义,1
6021,加一点,1
6023,卖力气,1
6028,加多,1
6030,演不出,1
6032,票冠,1
6033,它念,1
6035,求生欲,1
6036,得当,1
6039,唉声叹气,1
6041,挣脱,1
6042,杂乱无章,1
6043,麻木,1
6045,延期,1
6046,世人,1
6048,米粉,1
6049,男主颜值,1
6050,学生,1
6053,n,1
6054,闭着,1
6061,体量,1
6062,走召,1
6064,以致于,1
6068,海,1
6071,警察故事,1
6072,捧上天,1
6076,烂剧,1
6077,上半场,1
6078,焊,1
6079,五味,1
6080,东亚,1
6081,锣鼓,1
6082,痴情,1
6083,混音,1
6084,喘气,1
6087,绝大部分,1
6088,完婚,1
6089,姓,1
6090,疑问,1
6092,肉包,1
6093,程耳所言,1
6094,如梦令,1
6095,党性,1
6096,非必要,1
6097,犯错误,1
6098,争夺,1
6104,更大,1
6105,排行榜,1
6107,诱导,1
6109,zhe,1
6110,好心,1
6112,拉完,1
6113,港人,1
6115,赵丽颖,1
6118,侵害,1
6120,感太,1
6121,却陷,1
6122,合情理,1
6125,两集,1
6128,四周,1
6130,发芽,1
6131,风头,1
6132,凌厉,1
6137,神武,1
6138,何超仪,1
6139,拼出,1
6142,苦不堪言,1
6145,喜g,1
6147,装腔作势,1
6149,阿生叔,1
6150,379,1
6157,坟墓,1
6158,Be,1
6159,刀架,1
6160,父辈,1
6165,看什N,1
6166,悲,1
6168,,1
6173,胜过,1
6176,无关,1
6182,佛教,1
6183,单飞,1
6184,一生,1
6190,淮川版,1
6191,发散,1
6192,规则,1
6199,叠,1
6201,以,1
6205,BGM,1
6206,表象,1
6207,情结,1
6208,五方,1
6211,半辈子,1
6212,爆笑,1
6213,攀咬到,1
6215,重合,1
6216,角落,1
6217,巴脑,1
6219,地用,1
6221,梅尔,1
6222,制约,1
6224,健康,1
6225,四娃妈,1
6227,怪怪的,1
6228,攻,1
6229,贵,1
6230,参演,1
6231,那节,1
6233,椅子,1
6234,差太远,1
6235,飞跃,1
6236,大会,1
6237,poker,1
6241,悲伤,1
6243,港台,1
6247,不亚于,1
6248,玩法,1
6249,善恩无好,1
6250,attendance,1
6254,,1
6256,三部曲,1
6261,肾上腺,1
6262,权,1
6263,顺藤摸瓜,1
6267,人伦,1
6268,助力,1
6271,张不开,1
6273,不白,1
6275,感冒,1
6276,其,1
6277,承包,1
6279,阵营,1
6280,看云,1
6281,合谋,1
6283,脱口秀,1
6287,竞缴,1
6289,伤痕累累,1
6294,共,1
6298,WTF,1
6299,欺天,1
6300,融洽,1
6303,极佳,1
6307,取材,1
6308,奇迹,1
6310,那位,1
6312,不怎么样,1
6313,隔音,1
6315,胶卷,1
6317,%,1
6320,飘逸,1
6322,虚无缥缈,1
6323,线性,1
6324,上限,1
6325,转头,1
6328,发起,1
6329,耍宝,1
6330,窥见,1
6332,戏太,1
6336,看得见,1
6337,破除,1
6339,只长,1
6342,激发,1
6343,前段,1
6345,说服,1
6346,到来,1
6348,美翻,1
6351,父母,1
6352,楼道,1
6353,vb,1
6356,钓鱼,1
6357,不论是,1
6362,带到,1
6363,盛大,1
6364,冷静,1
6367,建构,1
6369,付诸,1
6370,所说,1
6372,起床,1
6373,古典,1
6374,三天,1
6375,场面话,1
6376,恶有恶报,1
6378,词条,1
6379,游一,1
6380,剖析,1
6390,一辈子,1
6392,章,1
6393,快点,1
6395,司机,1
6400,精野怪,1
6401,末期,1
6403,蹩脚,1
6405,防不胜防,1
6406,往外,1
6407,鬼全,1
6408,缘由,1
6409,吵,1
6410,时局,1
6412,准确,1
6413,慌乱,1
6414,第四层,1
6417,有成,1
6418,文章,1
6420,别尽,1
6421,切,1
6425,血案,1
6430,民女,1
6431,进度条,1
6435,消除,1
6437,开门见山,1
6438,数学,1
6440,初到,1
6443,细究,1
6446,大得多,1
6447,一武,1
6448,跳河,1
6450,恋,1
6453,成名,1
6454,摊牌,1
6455,搭档,1
6456,退路,1
6457,养仇,1
6460,负,1
6461,卷入,1
6462,能算,1
6464,龙标,1
6467,夫人,1
6468,想当然,1
6469,取关,1
6473,五毛钱,1
6475,续作,1
6479,每天晚上,1
6482,世上,1
6485,换命,1
6486,系,1
6487,数量,1
6488,外加,1
6489,大楼,1
6490,创新,1
6491,数千年,1
6492,演章,1
6494,泥人,1
6496,抛却,1
6497,宗旨,1
6501,打伞,1
6502,般,1
6503,轰,1
6505,这时候,1
6506,传,1
6507,nt,1
6508,一坨,1
6515,为母,1
6520,舍弃,1
6521,执导,1
6524,条命,1
6532,惊心动魄,1
6533,女强,1
6534,推],1
6537,幼小,1
6538,OL,1
6540,心灵,1
6541,人渣,1
6542,检察机关,1
6545,安志杰,1
6546,选在,1
6550,黑天鹅,1
6551,何至于此,1
6552,时至今日,1
6553,下沉,1
6554,丧,1
6555,力,1
6557,立去,1
6558,卡司,1
6559,偏到,1
6560,夫妻,1
6566,陆,1
6568,图书,1
6569,表面现象,1
6570,走得,1
6575,写个,1
6576,争风吃醋,1
6579,现实主义,1
6581,o畏,1
6583,异词,1
6584,能A,1
6589,敬礼,1
6591,难以置信,1
6592,手艺人,1
6594,二三十年,1
6596,W大,1
6598,何炅,1
6601,服装,1
6603,包文婧,1
6604,掉转,1
6607,打大,1
6609,挺身,1
6610,大洞,1
6611,竞争对手,1
6612,恩爱有加,1
6614,台本,1
6615,节省,1
6618,毫无意义,1
6620,传统工艺,1
6621,错乱,1
6622,请缨,1
6624,帷幕,1
6625,疑云,1
6627,戏痴,1
6630,好多遍,1
6631,书面,1
6633,追杀,1
6634,跟生,1
6635,推出,1
6639,全明星,1
6642,更具,1
6643,跳水,1
6644,怪兽,1
6646,精准,1
6647,迷离,1
6649,夜幕,1
6650,余味,1
6653,死机,1
6654,攒,1
6655,出离,1
6656,很爽,1
6658,痛觉,1
6663,同伴,1
6665,具象,1
6668,Z,1
6676,发誓,1
6678,稳得,1
6681,隐晦,1
6684,那声,1
6685,p,1
6686,无法无天,1
6688,罗生,1
6690,圈圈,1
6692,胎,1
6693,紧迫感,1
6694,怎能,1
6695,吵乎乎,1
6696,庭辩,1
6697,比^,1
6698,试卷,1
6701,低分,1
6702,宝,1
6704,喜好,1
6707,忘怀,1
6709,欺,1
6710,不合情理,1
6716,冷血,1
6717,轻而易举,1
6720,,1
6722,墙壁,1
6723,此刻,1
6725,稀碎且,1
6726,摇曳,1
6727,有点像,1
6729,考量,1
6732,混进来,1
6733,掂人,1
6734,女孩儿,1
6735,多只,1
6736,算顶流,1
6749,笔直,1
6750,小r,1
6751,输了钱,1
6754,犯,1
6758,用,1
6761,港岛,1
6762,之隔,1
6764,调上,1
6769,来龙去脉,1
6774,防,1
6778,问题所在,1
6779,一下下,1
6781,用人,1
6783,馒的,1
6784,娥,1
6785,咸宜,1
6787,才华,1
6791,研读,1
6793,真假难辨,1
6796,b,1
6797,主导性,1
6799,太短,1
6800,甜甜,1
6801,有染,1
6802,威胁,1
6808,点缀,1
6809,阳痿,1
6813,下文,1
6815,抽打,1
6818,分割,1
6820,臂力,1
6824,滑稽,1
6828,20230429,1
6829,巴文青,1
6830,博得,1
6833,拔高,1
6834,嫌,1
6836,后级,1
6837,见面,1
6843,1.75,1
6844,互联网,1
6846,整体性,1
6850,干脆,1
6853,假借,1
6854,图谱,1
6855,磨合,1
6856,提速,1
6859,做足,1
6867,没事,1
6869,分贝,1
6870,自以为是,1
6872,奇诡,1
6877,本事,1
6881,集大成者,1
6883,记西,1
6886,燃,1
6887,堤坝,1
6888,末世,1
6890,本想,1
6897,十多分钟,1
6898,拖泥带水,1
6901,呜呜,1
6902,不言而喻,1
6906,极深,1
6908,殡葬,1
6912,像,1
6913,厅里,1
6915,生子,1
6917,至多,1
6918,白粉,1
6923,显现出,1
6935,兆x,1
6936,先要,1
6938,后影,1
6939,妹纸们,1
6942,透,1
6944,开启,1
6946,激素,1
6948,脑壳,1
6949,律政,1
6951,封神,1
6952,积弱,1
6958,给出,1
6959,男主口,1
6960,自古,1
6963,一万倍,1
6964,山雨欲来风满楼,1
6967,事业,1
6968,庙宇,1
6970,一放,1
6972,Ｄ,1
6973,古董店,1
6975,最低,1
6976,下水道,1
6977,反智,1
6979,换来,1
6980,鞋带,1
6984,屠刀,1
6985,两档,1
6987,遮住,1
6988,突发性,1
6991,冲伟仔,1
6993,改善,1
6996,荼毒,1
6998,猜中,1
7000,官官相护,1
7002,林过,1
7003,温暖,1
7004,真挚,1
7005,梁周,1
7006,争奇斗艳,1
7007,视为,1
7009,道听途说,1
7011,笨拙,1
7012,爸,1
7015,全托,1
7017,人心叵测,1
7019,乙,1
7020,咩,1
7021,首位,1
7022,私欲,1
7023,障碍,1
7024,超前,1
7025,某种程度,1
7028,照搬,1
7029,余,1
7032,瑕,1
7033,补觉,1
7034,跳楼,1
7035,智,1
7036,财眼开,1
7037,失语,1
7040,数一数二,1
7042,淡,1
7045,岔子,1
7048,解放,1
7050,联盟,1
7051,智者见智,1
7052,续命,1
7053,好棒,1
7054,越到,1
7057,破网,1
7058,夹带,1
7059,促成,1
7063,深刻理解,1
7069,青年人,1
7073,幻觉,1
7075,烈度,1
7076,光彩,1
7077,以德报怨,1
7079,没来由,1
7080,快进,1
7083,薄荷糖,1
7085,构筑,1
7089,外形,1
7097,念叨,1
7100,群演,1
7103,洪流,1
7105,权力,1
7112,往前,1
7114,郑保瑞,1
7116,方中信,1
7117,胡,1
7119,没太立,1
7122,三四分,1
7126,埋,1
7127,Hidden,1
7128,河岸,1
7129,相扣,1
7131,预言,1
7132,专心,1
7136,原生,1
7138,这条线,1
7139,旁听,1
7140,搜寻,1
7143,凌虐,1
7144,认错,1
7145,经历,1
7147,低沉,1
7148,其用,1
7149,晚期,1
7150,高效,1
7151,提起,1
7152,触动,1
7153,帮派,1
7157,阵法,1
7160,迥异,1
7161,能处,1
7162,今文,1
7163,应有,1
7164,@N,1
7166,第二部,1
7170,最棒,1
7172,没收,1
7173,破坏性,1
7178,流浪,1
7180,鬼话,1
7182,虽可,1
7184,告别,1
7185,卧室,1
7186,三线,1
7187,高利贷,1
7188,走私,1
7190,佩服,1
7192,多高赞,1
7194,无端,1
7197,孙女,1
7198,台前,1
7200,仅剩,1
7201,生产,1
7202,毒药,1
7203,脑洞,1
7206,欲罢不能,1
7207,走访,1
7208,狂热,1
7212,本性,1
7222,窥探,1
7225,同r,1
7226,平均,1
7227,几下,1
7230,天后,1
7231,纯真,1
7232,抱怨,1
7233,Ps,1
7234,呼救,1
7235,妙,1
7237,两头,1
7240,作画,1
7241,惩戒,1
7242,陈公子,1
7243,如梗,1
7245,韵,1
7246,已,1
7249,国庆,1
7250,固有,1
7253,越近,1
7255,官商勾结,1
7256,法师,1
7257,一大半,1
7258,宿命论,1
7259,舞蹈队,1
7260,命中,1
7263,商场,1
7266,山匪,1
7269,心虚,1
7272,叶密,1
7273,用作,1
7275,例子,1
7278,不敌,1
7280,面目全非,1
7283,骨子里,1
7284,更妙,1
7289,月底,1
7292,受损,1
7293,红字,1
7296,远去,1
7297,踏实,1
7298,单场,1
7302,灵性,1
7306,口子,1
7309,工具性,1
7313,别怕,1
7314,戏中戏,1
7315,芦苇荡,1
7316,混战,1
7317,热,1
7320,猜想,1
7321,祸,1
7322,让庭辩,1
7323,错综复杂,1
7326,不易,1
7329,正统,1
7330,分辨,1
7335,麻痹,1
7338,中该,1
7339,杜撰,1
7340,理会,1
7341,无纪律,1
7343,分娩,1
7344,单拿,1
7346,组,1
7349,幸福,1
7352,指明,1
7353,你来我往,1
7357,打电话,1
7364,面上,1
7366,查验,1
7369,就游,1
7371,揭,1
7372,往年,1
7374,阻拦,1
7375,两级,1
7377,一刻,1
7378,但确,1
7381,有声,1
7383,当局,1
7384,强太多,1
7386,掩盖住,1
7387,这份,1
7390,两则,1
7391,说不上,1
7394,污名,1
7395,模特,1
7396,一千倍,1
7398,长焦,1
7409,已然,1
7411,出庭,1
7415,老鼠屎,1
7416,不愧,1
7420,任何理由,1
7423,惜,1
7427,掐架,1
7428,检察院,1
7431,功能性,1
7433,年轻人,1
7438,不动声色,1
7441,右臂,1
7443,保持沉默,1
7444,讲出,1
7445,幻化,1
7454,千万别,1
7457,风俗,1
7461,童年,1
7462,买家,1
7463,觉醒,1
7466,头子,1
7467,撺,1
7469,蓝,1
7470,拍摄角度,1
7472,拐走,1
7473,陈默,1
7476,黄白,1
7477,开玩笑,1
7482,凭良心说,1
7484,开创,1
7485,等一等,1
7489,过失杀人,1
7490,照镜子,1
7491,比较简单,1
7501,什,1
7506,最最,1
7507,乏力,1
7508,踩,1
7509,全不,1
7511,追逐,1
7516,有多深,1
7517,保险柜,1
7519,不敢恭维,1
7520,别尬,1
7522,美中不足,1
7529,,1
7530,层出不穷,1
7531,这具,1
7533,少量,1
7534,娃,1
7535,追车,1
7537,共舞,1
7538,大大方方,1
7541,玩过,1
7542,麦兆辉导,1
7547,权利,1
7548,名词,1
7550,演精分,1
7551,釜山,1
7552,走火入魔,1
7553,还用说,1
7555,疯到,1
7556,关心,1
7557,映射,1
7559,一切都是,1
7561,标了,1
7564,昆汀,1
7566,棺椁,1
7569,仇富,1
7570,虎毒,1
7571,港普沪语,1
7573,工作狂,1
7574,弃儿,1
7578,逊于,1
7579,管理员,1
7580,美术设计,1
7581,一帮,1
7582,悬着,1
7584,触法,1
7586,多久,1
7587,好比,1
7590,宣判,1
7591,约定俗成,1
7592,无狐妻,1
7593,阴笑,1
7597,链接,1
7598,某纳,1
7600,减分,1
7601,依f,1
7604,笔法,1
7606,不贴,1
7607,羁绊,1
7608,所得,1
7610,献媚,1
7611,费力,1
7612,里子,1
7614,妥妥,1
7615,环环,1
7618,生成,1
7619,俘获,1
7622,量化,1
7624,两股,1
7629,跳出去,1
7630,废柴,1
7631,打工,1
7632,碗饭,1
7634,天真,1
7635,映衬,1
7636,人到,1
7637,某地,1
7638,无数次,1
7639,鱼缸,1
7643,Yes,1
7649,无助,1
7652,完后,1
7653,前一,1
7658,十场,1
7660,提供线索,1
7667,深井,1
7668,咖好,1
7669,再聚,1
7672,纪念,1
7676,那群,1
7677,条子,1
7679,他来演,1
7680,身是,1
7682,不准,1
7683,开发,1
7684,天煞,1
7688,那年,1
7690,难能可贵,1
7693,太美,1
7694,无一例外,1
7697,寻觅,1
7698,逛,1
7700,妖狐,1
7704,辩护人,1
7705,货不对,1
7706,妄念,1
7707,拖累,1
7709,小道士,1
7710,台下,1
7713,适于,1
7715,断子绝孙,1
7728,2023.01,1
7729,武师,1
7730,半弃,1
7732,有续,1
7733,礼教,1
7735,血肉之躯,1
7738,窃取,1
7742,gravidaHlia,1
7743,而显,1
7745,热评,1
7752,色眯眯,1
7754,分镜,1
7757,整洁,1
7762,寓言故事,1
7763,一分钟,1
7769,判官,1
7773,灯光,1
7774,衣冠楚楚,1
7778,提交,1
7782,多种,1
7784,排挤,1
7788,传神,1
7789,枪支,1
7790,时装,1
7793,王刚,1
7795,2020,1
7800,几首,1
7802,繁华,1
7803,带回,1
7804,安慰,1
7805,网上,1
7814,游丝,1
7815,亦正亦邪,1
7816,相怜,1
7818,此番,1
7820,联合,1
7821,再好不过,1
7823,不管怎么,1
7827,女主人,1
7829,完小,1
7830,留个,1
7832,小哥,1
7833,金蝉脱壳,1
7834,沼泽地,1
7835,怨恨,1
7836,善有善报,1
7837,太逊,1
7840,TMD,1
7841,致意,1
7842,起点,1
7844,够不上,1
7847,传里,1
7850,看人装,1
7851,定海神针,1
7854,投射,1
7856,浪姐,1
7860,十三日,1
7861,东村,1
7863,播放,1
7868,匠人,1
7870,,1
7872,编不出,1
7875,提及,1
7877,卖点,1
7880,血性,1
7881,talentless,1
7884,很空,1
7887,服画,1
7889,差,1
7890,狂风,1
7892,这口,1
7893,极快,1
7894,穷乡僻壤,1
7902,史料,1
7903,刻不容缓,1
7906,缠斗,1
7907,撒得,1
7910,刘先生,1
7912,睡大觉,1
7914,厉鬼,1
7919,四分之三,1
7920,说好听,1
7921,M致,1
7923,压迫,1
7924,洗刷,1
7925,TDK,1
7928,潜意识,1
7929,出身,1
7931,女上司,1
7933,完後只,1
7935,丝丝入扣,1
7938,虎头蛇尾,1
7939,警员,1
7942,一层层,1
7943,凌晨,1
7944,絮絮叨叨,1
7945,认同,1
7947,愚民,1
7948,TM,1
7949,盘剥,1
7950,黄皮子,1
7953,毒气,1
7955,`,1
7956,名俗,1
7957,推上去,1
7963,好太多,1
7965,小城,1
7969,终归,1
7970,抹黑,1
7976,恶行,1
7977,哲思,1
7978,破相,1
7979,玉石俱焚,1
7981,心肝儿,1
7983,自相残杀,1
7987,后加,1
7988,穷书生,1
7989,福,1
7994,对镜,1
7995,有目共睹,1
7999,油门,1
8000,空前,1
8001,老版,1
8003,楼觉,1
8005,感知,1
8007,三角,1
8008,扁平,1
8012,没辙,1
8013,短评,1
8015,大宅,1
8016,忠奸,1
8017,充沛,1
8018,附上,1
8023,喟叹,1
8026,真傻,1
8029,即便如此,1
8030,天炸地,1
8032,讨论,1
8035,悲痛,1
8036,声线,1
8038,毕志飞,1
8040,的士,1
8042,叠进,1
8043,野猪,1
8044,操,1
8046,分析,1
8047,柔和,1
8050,开掘,1
8051,谎言,1
8052,众,1
8053,特像,1
8059,一想,1
8063,蒙骗,1
8064,拖到,1
8065,冥婚,1
8066,原汁原味,1
8067,涉足,1
8075,大s,1
8077,快餐,1
8078,娴熟,1
8079,毕业典礼,1
8082,已算,1
8083,伞,1
8084,相杀,1
8085,掰开,1
8087,生生,1
8090,大体,1
8092,收割,1
8093,自诩,1
8097,破除迷信,1
8098,格局,1
8100,第三层,1
8103,双案,1
8106,_分,1
8107,提审,1
8108,问询,1
8109,九,1
8113,锡兰,1
8117,级片,1
8119,20220703,1
8120,电影吧,1
8122,资源,1
8123,很木,1
8125,翻盘,1
8134,听风者,1
8137,^,1
8138,调和,1
8139,已因,1
8142,犹如,1
8143,极多,1
8145,删改,1
8147,有钱,1
8149,投入,1
8150,文学作品,1
8152,娄烨,1
8155,症候,1
8156,生根,1
8157,同款,1
8158,一如,1
8160,悲情,1
8161,号子,1
8163,盘靓条,1
8165,盒,1
8167,潮,1
8168,找出路,1
8175,拜访,1
8176,上生,1
8179,赛马,1
8184,箱子,1
8185,百亿,1
8190,体内,1
8194,日子,1
8197,讲清,1
8199,圆到,1
8200,搏命,1
8201,守,1
8202,充斥,1
8203,拐,1
8205,爱国,1
8206,犯规,1
8210,突围,1
8213,掩藏,1
8215,同党,1
8217,台湾省,1
8218,较真,1
8219,四年,1
8222,遗珠,1
8223,肖像,1
8224,旧宅,1
8225,喻其为,1
8226,点题,1
8228,哀鸿遍野,1
8229,劣势,1
8232,走马灯,1
8234,西装革履,1
8236,water,1
8237,象征,1
8241,上部,1
8251,放心,1
8252,高点,1
8253,类里,1
8254,狄仁杰,1
8260,毛尖,1
8264,与此相关,1
8267,口号,1
8268,l生,1
8270,,1
8271,吉,1
8273,样样,1
8275,冤冤相报,1
8278,列为,1
8279,黄,1
8281,打哈哈,1
8287,乡野,1
8288,坚守,1
8290,贻笑大方,1
8291,语文,1
8293,巅峰,1
8294,纳投,1
8295,荣耀,1
8296,劈,1
8298,第一层,1
8299,想发,1
8300,欠佳,1
8302,搅浑,1
8304,惨不忍睹,1
8305,柔软,1
8307,脸蛋,1
8310,对仗,1
8311,尽力,1
8316,领先,1
8318,妈呀,1
8324,吸吸,1
8328,舒缓,1
8329,姐妹,1
8330,不e,1
8332,理性,1
8333,侵犯,1
8339,会涨,1
8340,人民警察,1
8341,,1
8347,不畏强权,1
8348,第二遍,1
8352,爽字,1
8357,背离,1
8359,元,1
8360,女知青,1
8361,念过,1
8362,卖家,1
8363,走不出,1
8364,机,1
8366,丧失,1
8368,脸装,1
8369,名挺,1
8372,jumpscare,1
8373,一个圈,1
8375,小王,1
8376,边城,1
8378,完有,1
8385,而本,1
8390,世祖,1
8391,奖,1
8392,诺贝尔,1
8395,骨科,1
8396,示人,1
8399,耳闻,1
8400,有血有泪,1
8401,巴拉巴,1
8402,......,1
8403,正儿八经,1
8404,一波三折,1
8405,加剧,1
8407,x8aghUc,1
8408,本能,1
8411,漫灌,1
8413,旱灾,1
8414,答卷,1
8417,飞机,1
8418,宽容,1
8420,货,1
8421,结实,1
8425,警务,1
8429,低估,1
8430,一大早,1
8431,火,1
8432,改了,1
8436,合著,1
8438,追赶,1
8440,停留,1
8441,匪警片,1
8442,根本就是,1
8443,省力,1
8444,狂欢,1
8445,太硬,1
8446,\到,1
8447,2018,1
8449,案外案,1
8451,晓看,1
8452,太蠢,1
8455,宏观,1
8457,月照,1
8458,开出,1
8459,串成,1
8464,符纸,1
8465,辩论,1
8466,蹲守,1
8467,序列,1
8468,太碎,1
8470,衬托出,1
8471,家丁,1
8472,截,1
8474,有尬,1
8478,努着,1
8479,因人而异,1
8481,浑,1
8482,突,1
8483,垮掉,1
8484,千钧,1
8487,西村,1
8488,八百,1
8490,大乱,1
8491,披上,1
8494,录音带,1
8496,听得,1
8500,起个,1
8503,怎N,1
8504,有病,1
8505,统一,1
8506,飙车,1
8511,加,1
8512,大打折扣,1
8513,可行,1
8514,局限于,1
8515,轮值,1
8517,良善,1
8518,互殴,1
8520,好俗,1
8522,抖音,1
8523,追踪,1
8526,叛徒,1
8527,错案,1
8528,杰作,1
8533,搏斗,1
8534,安静,1
8537,暴戾,1
8538,我票,1
8544,形容,1
8549,支柱,1
8553,领悟,1
8555,混血,1
8559,首款,1
8561,优势,1
8562,预算,1
8565,画笔,1
8569,B度,1
8578,别拍,1
8579,忽明忽暗,1
8582,自编,1
8585,塌方,1
8586,黑著,1
8587,素质,1
8588,但前,1
8593,奉献,1
8594,教,1
8595,陋习,1
8596,引人,1
8598,d,1
8599,恰是,1
8600,1980,1
8601,扯淡,1
8602,无人问津,1
8603,股掌,1
8604,轻易,1
8607,系统,1
8608,无病呻吟,1
8612,慢悠悠,1
8618,七角,1
8619,只好,1
8622,僧袍,1
8625,男主角,1
8626,经典电影,1
8628,甚,1
8630,水上,1
8632,以命,1
8640,男弱,1
8641,平民,1
8642,怂,1
8649,排成,1
8651,老子,1
8653,拉长,1
8655,构架,1
8660,十三载,1
8661,帮子,1
8669,置勿论,1
8672,闻名,1
8673,生动有趣,1
8678,发烂,1
8681,respect,1
8682,大水,1
8687,凶器,1
8693,死结,1
8696,免得,1
8697,惠子,1
8699,重任,1
8700,异形,1
8703,标志性,1
8705,回顾,1
8706,犯险,1
8712,可差,1
8714,陈辞滥调,1
8715,二番,1
8716,记录,1
8717,不服,1
8721,擦,1
8723,过长,1
8728,特,1
8729,根,1
8731,抹,1
8732,八九不离十,1
8733,投影,1
8735,儿敢,1
8736,办,1
8739,时常,1
8740,沦丧,1
8741,哲学,1
8743,弊病,1
8744,井井有条,1
8745,姐弟俩,1
8747,遗风,1
8750,抗争,1
8753,摇,1
8754,考古,1
8755,苛求,1
8758,感同身受,1
8763,调皮,1
8765,理,1
8766,当众,1
8767,肥头大耳,1
8770,靠边站,1
8771,若,1
8772,看片,1
8775,小王演,1
8776,强抢,1
8777,倒错,1
8780,A上,1
8783,重组,1
8785,人力资源,1
8787,电话,1
8788,各法,1
8793,善良,1
8794,老港,1
8796,乳点,1
8797,挺敢,1
8799,包揽,1
8804,样式,1
8806,鸿沟,1
8808,凶悍,1
8810,每秒,1
8811,中年人,1
8812,生还,1
8813,警探,1
8815,时日无多,1
8816,心路历程,1
8817,闪进,1
8818,包着,1
8819,喷薄而出,1
8821,反复推敲,1
8822,弥补,1
8823,玩到,1
8824,比比皆是,1
8828,顺好,1
8830,身板,1
8831,合计,1
8832,两手,1
8837,造诣,1
8841,剪出,1
8842,朝阳,1
8844,被害者,1
8846,真大,1
8848,师太超,1
8849,疫情,1
8850,诶,1
8851,压榨,1
8852,4.7,1
8854,宠成,1
8856,重要性,1
8858,微观,1
8859,仪地,1
8860,瑜帅,1
8862,oZ,1
8865,他别,1
8869,眉头一皱,1
8870,悬于,1
8874,著,1
8876,犯罪现场,1
8878,甩掉,1
8879,暗算,1
8880,取代,1
8885,送个,1
8888,城府,1
8890,废警,1
8891,遭殃,1
8892,教唆,1
8896,孤儿,1
8897,后成,1
8898,勒死,1
8902,桥洞,1
8903,杀警,1
8908,112,1
8909,尾章,1
8910,已知,1
8911,起承转合,1
8912,斩落,1
8913,w彰,1
8919,娇妻,1
8920,辩证,1
8921,呼之欲出,1
8922,立交桥,1
8923,烘托出,1
8924,招弟,1
8925,一组,1
8926,呼应,1
8927,抹杀,1
8928,讲过,1
8931,取,1
8933,时生,1
8935,你一言我一语,1
8937,收益,1
8938,香江,1
8940,麦氏,1
8941,分水岭,1
8942,否认,1
8945,这多,1
8946,神怪,1
8947,服从组织,1
8949,唤起,1
8953,有门道,1
8954,实施,1
8956,遇事,1
8958,同行,1
8959,背负,1
8960,旗袍,1
8962,之身,1
8967,所迫,1
8969,植入,1
8971,三方,1
8974,芭,1
8975,次,1
8977,上败,1
8979,爆扁,1
8980,好几口,1
8982,网友,1
8983,放置,1
8985,预计,1
8986,混y,1
8987,白太,1
8988,重视,1
8989,灰色,1
8990,八毛,1
8991,`,1
8995,半到,1
8997,警示,1
9001,始终认为,1
9002,惊叹,1
9004,事务官,1
9005,戏剧性,1
9007,国生,1
9008,循环,1
9011,浅显,1
9012,嗑,1
9013,埋没,1
9014,爹,1
9015,勇于,1
9016,颁个,1
9018,三人组,1
9019,宗祠,1
9023,帝王将相,1
9024,大爽片,1
9025,掌声,1
9026,不禁,1
9027,笑里藏刀,1
9028,作者,1
9030,没得说,1
9034,影展,1
9036,笃定,1
9038,莫,1
9041,所持,1
9042,局面,1
9043,烹煮,1
9044,闹鬼,1
9046,清流,1
9047,说且,1
9050,委身,1
9051,击倒,1
9052,回想,1
9058,眼花缭乱,1
9059,华表,1
9063,再扣,1
9067,以向,1
9068,战局,1
9070,观赏,1
9073,唾弃,1
9075,再接再厉,1
9076,外露,1
9078,轻率,1
9083,日军,1
9084,俏皮,1
9089,流,1
9090,浑水摸鱼,1
9092,人O,1
9094,c,1
9095,现今,1
9096,放出,1
9097,声张,1
9098,仪和江,1
9100,雨,1
9103,斗狐,1
9104,两倍,1
9105,纸婚,1
9106,史上,1
9108,多一点,1
9109,急躁,1
9112,落街,1
9115,一节,1
9118,顶撞,1
9120,^,1
9121,落,1
9127,伤生,1
9128,田园,1
9130,树碑立传,1
9133,念,1
9134,黑恶势力,1
9137,写真,1
9138,苦瓜,1
9139,养子,1
9140,伎俩,1
9141,酒吧,1
9145,开分,1
9148,自欺欺人,1
9149,超能力,1
9152,怀才不遇,1
9153,接住,1
9158,不忌,1
9159,撒谎,1
9160,走来走去,1
9161,翘楚,1
9162,长城,1
9163,案发现场,1
9164,敲动,1
9168,足矣,1
9169,虐得,1
9172,强奸犯,1
9173,标榜,1
9174,详尽,1
9175,没落,1
9176,板正,1
9177,盘掉,1
9180,风一,1
9182,语法,1
9190,子,1
9191,挤出来,1
9192,减肥,1
9193,六年,1
9196,就别,1
9197,地被,1
9198,相关,1
9200,悠长,1
9201,内地版,1
9206,啥子,1
9208,粹,1
9209,散发出,1
9210,消解,1
9211,概率,1
9213,湍急,1
9215,40,1
9217,悬,1
9220,站点,1
9223,公鸡,1
9225,嫌多,1
9226,恨死,1
9229,r村,1
9235,仅限于,1
9237,法令,1
9238,英雄主义,1
9241,暗花,1
9242,河渠,1
9245,加分,1
9246,理想信念,1
9247,鸡毛,1
9248,党派,1
9252,看会,1
9253,人来人往,1
9255,约等于,1
9259,切入,1
9261,辅助,1
9262,野蛮,1
9263,日日夜夜,1
9265,过载,1
9267,小姑娘,1
9268,差劲,1
9269,诡谈,1
9270,何其,1
9271,后程,1
9273,衢T,1
9274,资质,1
9275,稍纵即逝,1
9278,进程,1
9281,但太多,1
9283,阿尔兹,1
9285,哀愁,1
9286,一百多年,1
9288,抬高,1
9290,旗,1
9292,好烦,1
9293,成佛,1
9295,消耗,1
9297,人物传记,1
9300,r候,1
9302,晚霞,1
9304,R,1
9308,拜师,1
9309,角逐,1
9312,发型,1
9313,当网,1
9315,嘞,1
9317,原地,1
9320,荣过,1
9322,帝,1
9323,创伤,1
9324,前赴后继,1
9326,立大功,1
9327,养家糊口,1
9329,Sir,1
9330,导游,1
9331,各,1
9333,伤感,1
9336,主导,1
9337,上乘,1
9338,再度,1
9341,程耳改,1
9342,静下来,1
9344,事是,1
9345,人生路不熟,1
9350,被困,1
9351,根源,1
9352,知名,1
9354,请神,1
9355,许久,1
9358,殖民化,1
9359,不屑于,1
9360,叫板,1
9362,所限放,1
9365,编造出,1
9366,装疯卖傻,1
9367,受罪,1
9368,身在,1
9370,毫无希望,1
9371,滑入,1
9372,猥亵,1
9373,分太低,1
9375,金田一,1
9377,戏倒,1
9378,一点一点,1
9379,邵美琪,1
9380,披着,1
9381,求,1
9383,不足之处,1
9385,语气,1
9386,上报,1
9387,兴亡,1
9388,悲无喜,1
9390,宣教,1
9391,文字,1
9393,嗦,1
9394,救人,1
9395,Seed,1
9397,离职,1
9404,生命力,1
9405,鬼门,1
9408,半死不活,1
9410,短爽,1
9412,风中,1
9416,如果说,1
9417,未尽,1
9420,远大抱负,1
